x,y,size,angle,response,octave,class_id
62,32,70.0,10.9264554977417,95.0,0,-1
190,32,70.0,35.91922378540039,95.0,0,-1
297,32,70.0,324.2265625,95.0,0,-1
302,32,70.0,343.0572814941406,95.0,0,-1
310,32,70.0,340.4342346191406,95.0,0,-1
385,32,70.0,194.3385772705078,95.0,0,-1
435,32,70.0,227.0734100341797,95.0,0,-1
442,32,70.0,295.5668640136719,95.0,0,-1
447,32,70.0,316.0952453613281,95.0,0,-1
525,32,70.0,343.8951721191406,95.0,0,-1
542,32,70.0,126.11271667480469,95.0,0,-1
550,32,70.0,116.83676147460938,95.0,0,-1
567,32,70.0,344.27618408203125,95.0,0,-1
32,37,70.0,151.1127471923828,95.0,0,-1
70,37,70.0,15.42029094696045,95.0,0,-1
145,37,70.0,167.69573974609375,95.0,0,-1
152,37,70.0,138.57540893554688,95.0,0,-1
170,37,70.0,24.229089736938477,95.0,0,-1
277,37,70.0,76.71529388427734,95.0,0,-1
297,37,70.0,51.73126983642578,95.0,0,-1
302,37,70.0,45.14344024658203,95.0,0,-1
392,37,70.0,145.697265625,95.0,0,-1
442,37,70.0,305.4703674316406,95.0,0,-1
447,37,70.0,330.620361328125,95.0,0,-1
455,37,70.0,339.5295715332031,95.0,0,-1
517,37,70.0,42.2841682434082,95.0,0,-1
37,45,70.0,81.72216796875,95.0,0,-1
70,45,70.0,47.156700134277344,95.0,0,-1
215,45,70.0,79.70970153808594,95.0,0,-1
277,45,70.0,79.40914154052734,95.0,0,-1
297,45,70.0,71.93313598632812,95.0,0,-1
392,45,70.0,119.7817153930664,95.0,0,-1
397,45,70.0,102.72593688964844,95.0,0,-1
405,45,70.0,109.77703094482422,95.0,0,-1
410,45,70.0,133.50994873046875,95.0,0,-1
447,45,70.0,9.874446868896484,95.0,0,-1
455,45,70.0,356.5407409667969,95.0,0,-1
505,45,70.0,148.62493896484375,95.0,0,-1
512,45,70.0,107.38619232177734,95.0,0,-1
517,45,70.0,68.16273498535156,95.0,0,-1
45,50,70.0,34.54240417480469,95.0,0,-1
62,50,70.0,32.80574417114258,95.0,0,-1
207,50,70.0,196.75941467285156,95.0,0,-1
385,50,70.0,163.0070037841797,95.0,0,-1
392,50,70.0,117.10389709472656,95.0,0,-1
397,50,70.0,94.6099853515625,95.0,0,-1
405,50,70.0,118.97734069824219,95.0,0,-1
410,50,70.0,143.2525177001953,95.0,0,-1
430,50,70.0,158.77777099609375,95.0,0,-1
512,50,70.0,93.0433349609375,95.0,0,-1
517,50,70.0,61.604278564453125,95.0,0,-1
50,57,70.0,355.91912841796875,95.0,0,-1
57,57,70.0,347.85601806640625,95.0,0,-1
62,57,70.0,346.4549865722656,95.0,0,-1
95,57,70.0,300.8043518066406,95.0,0,-1
170,57,70.0,338.300537109375,95.0,0,-1
207,57,70.0,260.69866943359375,95.0,0,-1
322,57,70.0,108.37989807128906,95.0,0,-1
327,57,70.0,44.64893341064453,95.0,0,-1
335,57,70.0,24.912689208984375,95.0,0,-1
397,57,70.0,47.0367546081543,95.0,0,-1
405,57,70.0,118.57257843017578,95.0,0,-1
410,57,70.0,135.867919921875,95.0,0,-1
430,57,70.0,146.92730712890625,95.0,0,-1
32,62,70.0,157.19302368164062,95.0,0,-1
57,62,70.0,345.7560119628906,95.0,0,-1
62,62,70.0,339.4352722167969,95.0,0,-1
190,62,70.0,297.328125,95.0,0,-1
215,62,70.0,294.7603759765625,95.0,0,-1
265,62,70.0,165.7120361328125,95.0,0,-1
322,62,70.0,108.72512817382812,95.0,0,-1
327,62,70.0,51.97379684448242,95.0,0,-1
405,62,70.0,82.60681915283203,95.0,0,-1
410,62,70.0,115.94773864746094,95.0,0,-1
530,62,70.0,42.950653076171875,95.0,0,-1
537,62,70.0,112.26310729980469,95.0,0,-1
567,62,70.0,16.67642593383789,95.0,0,-1
37,70,70.0,267.5798034667969,95.0,0,-1
215,70,70.0,313.5174255371094,95.0,0,-1
327,70,70.0,60.630035400390625,95.0,0,-1
385,70,70.0,209.98397827148438,95.0,0,-1
410,70,70.0,85.46878051757812,95.0,0,-1
512,70,70.0,305.64898681640625,95.0,0,-1
530,70,70.0,341.6505432128906,95.0,0,-1
537,70,70.0,213.65345764160156,95.0,0,-1
542,70,70.0,200.2509002685547,95.0,0,-1
562,70,70.0,202.4476318359375,95.0,0,-1
45,75,70.0,315.49554443359375,95.0,0,-1
75,75,70.0,234.90267944335938,95.0,0,-1
82,75,70.0,239.95138549804688,95.0,0,-1
207,75,70.0,301.74365234375,95.0,0,-1
277,75,70.0,328.179931640625,95.0,0,-1
285,75,70.0,335.18634033203125,95.0,0,-1
302,75,70.0,309.240234375,95.0,0,-1
310,75,70.0,196.9756317138672,95.0,0,-1
335,75,70.0,336.81201171875,95.0,0,-1
392,75,70.0,291.4178466796875,95.0,0,-1
417,75,70.0,174.4517822265625,95.0,0,-1
435,75,70.0,172.8422088623047,95.0,0,-1
442,75,70.0,169.2267303466797,95.0,0,-1
505,75,70.0,224.09103393554688,95.0,0,-1
537,75,70.0,251.95001220703125,95.0,0,-1
542,75,70.0,232.43589782714844,95.0,0,-1
50,82,70.0,331.6631164550781,95.0,0,-1
57,82,70.0,280.792236328125,95.0,0,-1
62,82,70.0,245.32562255859375,95.0,0,-1
70,82,70.0,228.33975219726562,95.0,0,-1
145,82,70.0,176.89073181152344,95.0,0,-1
152,82,70.0,179.7850799560547,95.0,0,-1
157,82,70.0,186.8119354248047,95.0,0,-1
195,82,70.0,291.8551330566406,95.0,0,-1
202,82,70.0,326.0335998535156,95.0,0,-1
207,82,70.0,343.46844482421875,95.0,0,-1
265,82,70.0,176.32142639160156,95.0,0,-1
272,82,70.0,1.0694715976715088,95.0,0,-1
302,82,70.0,332.1509094238281,95.0,0,-1
310,82,70.0,212.15689086914062,95.0,0,-1
315,82,70.0,190.56358337402344,95.0,0,-1
422,82,70.0,177.88162231445312,95.0,0,-1
430,82,70.0,170.33822631835938,95.0,0,-1
505,82,70.0,174.55288696289062,95.0,0,-1
537,82,70.0,253.92799377441406,95.0,0,-1
542,82,70.0,238.57723999023438,95.0,0,-1
32,87,70.0,157.12979125976562,95.0,0,-1
57,87,70.0,81.19156646728516,95.0,0,-1
62,87,70.0,150.3262481689453,95.0,0,-1
152,87,70.0,154.48550415039062,95.0,0,-1
157,87,70.0,147.35301208496094,95.0,0,-1
165,87,70.0,118.26118469238281,95.0,0,-1
202,87,70.0,13.01740550994873,95.0,0,-1
207,87,70.0,14.260895729064941,95.0,0,-1
215,87,70.0,12.856054306030273,95.0,0,-1
310,87,70.0,193.90887451171875,95.0,0,-1
315,87,70.0,177.3365936279297,95.0,0,-1
322,87,70.0,168.00921630859375,95.0,0,-1
512,87,70.0,113.73246002197266,95.0,0,-1
530,87,70.0,282.17681884765625,95.0,0,-1
537,87,70.0,241.6348419189453,95.0,0,-1
542,87,70.0,223.95797729492188,95.0,0,-1
550,87,70.0,195.090576171875,95.0,0,-1
567,87,70.0,26.653905868530273,95.0,0,-1
32,95,70.0,108.28429412841797,95.0,0,-1
62,95,70.0,96.92383575439453,95.0,0,-1
82,95,70.0,89.65010070800781,95.0,0,-1
157,95,70.0,120.83934020996094,95.0,0,-1
165,95,70.0,103.2464370727539,95.0,0,-1
207,95,70.0,39.751190185546875,95.0,0,-1
215,95,70.0,30.55080223083496,95.0,0,-1
290,95,70.0,11.49560260772705,95.0,0,-1
310,95,70.0,44.987464904785156,95.0,0,-1
327,95,70.0,78.93718719482422,95.0,0,-1
335,95,70.0,47.93459701538086,95.0,0,-1
397,95,70.0,59.501564025878906,95.0,0,-1
442,95,70.0,105.66109466552734,95.0,0,-1
517,95,70.0,82.63175964355469,95.0,0,-1
525,95,70.0,76.23494720458984,95.0,0,-1
542,95,70.0,123.70579528808594,95.0,0,-1
550,95,70.0,133.65939331054688,95.0,0,-1
567,95,70.0,67.76707458496094,95.0,0,-1
107,107,70.0,49.89110565185547,95.0,0,-1
132,107,70.0,134.030029296875,95.0,0,-1
227,107,70.0,44.91425323486328,95.0,0,-1
252,107,70.0,138.99252319335938,95.0,0,-1
347,107,70.0,37.86227035522461,95.0,0,-1
372,107,70.0,130.28810119628906,95.0,0,-1
467,107,70.0,49.89110565185547,95.0,0,-1
492,107,70.0,133.93006896972656,95.0,0,-1
107,132,70.0,310.989990234375,95.0,0,-1
132,132,70.0,224.9816131591797,95.0,0,-1
227,132,70.0,314.8954162597656,95.0,0,-1
252,132,70.0,224.99044799804688,95.0,0,-1
347,132,70.0,310.8926696777344,95.0,0,-1
372,132,70.0,224.99044799804688,95.0,0,-1
467,132,70.0,319.8567199707031,95.0,0,-1
492,132,70.0,224.99044799804688,95.0,0,-1
45,145,70.0,305.669189453125,95.0,0,-1
62,145,70.0,274.28753662109375,95.0,0,-1
82,145,70.0,248.62449645996094,95.0,0,-1
157,145,70.0,243.93533325195312,95.0,0,-1
165,145,70.0,269.7193908691406,95.0,0,-1
265,145,70.0,224.99044799804688,95.0,0,-1
272,145,70.0,238.6424560546875,95.0,0,-1
315,145,70.0,255.2545166015625,95.0,0,-1
322,145,70.0,275.4346923828125,95.0,0,-1
410,145,70.0,319.6125793457031,95.0,0,-1
430,145,70.0,286.5622863769531,95.0,0,-1
530,145,70.0,333.7408447265625,95.0,0,-1
45,152,70.0,317.6882629394531,95.0,0,-1
50,152,70.0,317.86590576171875,95.0,0,-1
57,152,70.0,298.6056823730469,95.0,0,-1
152,152,70.0,197.64889526367188,95.0,0,-1
157,152,70.0,206.9371795654297,95.0,0,-1
165,152,70.0,276.50836181640625,95.0,0,-1
265,152,70.0,211.3575439453125,95.0,0,-1
272,152,70.0,224.99044799804688,95.0,0,-1
410,152,70.0,1.114316701889038,95.0,0,-1
435,152,70.0,195.61245727539062,95.0,0,-1
530,152,70.0,17.56342315673828,95.0,0,-1
45,157,70.0,330.91168212890625,95.0,0,-1
50,157,70.0,328.3934631347656,95.0,0,-1
145,157,70.0,172.33151245117188,95.0,0,-1
152,157,70.0,162.64358520507812,95.0,0,-1
157,157,70.0,144.88832092285156,95.0,0,-1
182,157,70.0,138.6845245361328,95.0,0,-1
202,157,70.0,343.73406982421875,95.0,0,-1
290,157,70.0,24.986177444458008,95.0,0,-1
297,157,70.0,65.67886352539062,95.0,0,-1
417,157,70.0,32.48301696777344,95.0,0,-1
455,157,70.0,12.185873985290527,95.0,0,-1
550,157,70.0,186.78707885742188,95.0,0,-1
567,157,70.0,270.0967712402344,95.0,0,-1
50,165,70.0,359.7332763671875,95.0,0,-1
87,165,70.0,308.022705078125,95.0,0,-1
182,165,70.0,120.68951416015625,95.0,0,-1
285,165,70.0,33.75391387939453,95.0,0,-1
290,165,70.0,36.810340881347656,95.0,0,-1
297,165,70.0,58.262733459472656,95.0,0,-1
302,165,70.0,75.59880065917969,95.0,0,-1
310,165,70.0,102.10247039794922,95.0,0,-1
315,165,70.0,114.87908172607422,95.0,0,-1
322,165,70.0,110.11219787597656,95.0,0,-1
550,165,70.0,164.01596069335938,95.0,0,-1
555,165,70.0,182.75282287597656,95.0,0,-1
562,165,70.0,198.9300079345703,95.0,0,-1
32,170,70.0,142.22296142578125,95.0,0,-1
70,170,70.0,278.2274169921875,95.0,0,-1
95,170,70.0,347.6971435546875,95.0,0,-1
190,170,70.0,99.73672485351562,95.0,0,-1
277,170,70.0,32.9305534362793,95.0,0,-1
285,170,70.0,26.16207504272461,95.0,0,-1
290,170,70.0,28.469921112060547,95.0,0,-1
297,170,70.0,43.50559616088867,95.0,0,-1
302,170,70.0,61.94565963745117,95.0,0,-1
310,170,70.0,106.80990600585938,95.0,0,-1
315,170,70.0,126.06915283203125,95.0,0,-1
385,170,70.0,152.44476318359375,95.0,0,-1
405,170,70.0,9.167713165283203,95.0,0,-1
435,170,70.0,147.80360412597656,95.0,0,-1
442,170,70.0,80.89163208007812,95.0,0,-1
505,170,70.0,128.51976013183594,95.0,0,-1
550,170,70.0,182.03602600097656,95.0,0,-1
555,170,70.0,194.13906860351562,95.0,0,-1
75,177,70.0,256.1593933105469,95.0,0,-1
95,177,70.0,335.0488586425781,95.0,0,-1
157,177,70.0,124.54191589355469,95.0,0,-1
190,177,70.0,90.37348937988281,95.0,0,-1
195,177,70.0,103.15813446044922,95.0,0,-1
202,177,70.0,94.2553482055664,95.0,0,-1
277,177,70.0,17.440750122070312,95.0,0,-1
285,177,70.0,22.899967193603516,95.0,0,-1
290,177,70.0,27.8386173248291,95.0,0,-1
297,177,70.0,35.083717346191406,95.0,0,-1
315,177,70.0,151.92840576171875,95.0,0,-1
385,177,70.0,145.2183074951172,95.0,0,-1
422,177,70.0,351.9499816894531,95.0,0,-1
430,177,70.0,244.44552612304688,95.0,0,-1
435,177,70.0,219.05641174316406,95.0,0,-1
442,177,70.0,352.3127746582031,95.0,0,-1
447,177,70.0,11.735902786254883,95.0,0,-1
455,177,70.0,31.063596725463867,95.0,0,-1
165,182,70.0,29.457874298095703,95.0,0,-1
182,182,70.0,74.6190185546875,95.0,0,-1
190,182,70.0,84.58633422851562,95.0,0,-1
195,182,70.0,107.21540069580078,95.0,0,-1
285,182,70.0,20.585494995117188,95.0,0,-1
290,182,70.0,25.986970901489258,95.0,0,-1
335,182,70.0,26.677467346191406,95.0,0,-1
392,182,70.0,115.37586212158203,95.0,0,-1
430,182,70.0,216.88426208496094,95.0,0,-1
435,182,70.0,217.8296661376953,95.0,0,-1
442,182,70.0,335.1460266113281,95.0,0,-1
447,182,70.0,343.04071044921875,95.0,0,-1
530,182,70.0,95.55973815917969,95.0,0,-1
537,182,70.0,148.0658721923828,95.0,0,-1
37,190,70.0,142.35357666015625,95.0,0,-1
145,190,70.0,184.7395477294922,95.0,0,-1
165,190,70.0,25.487125396728516,95.0,0,-1
195,190,70.0,192.70660400390625,95.0,0,-1
335,190,70.0,337.8255310058594,95.0,0,-1
447,190,70.0,302.5146484375,95.0,0,-1
525,190,70.0,45.79790115356445,95.0,0,-1
530,190,70.0,135.03948974609375,95.0,0,-1
537,190,70.0,170.8115997314453,95.0,0,-1
57,195,70.0,206.63357543945312,95.0,0,-1
87,195,70.0,318.091064453125,95.0,0,-1
95,195,70.0,339.3677978515625,95.0,0,-1
215,195,70.0,14.600985527038574,95.0,0,-1
302,195,70.0,293.4051208496094,95.0,0,-1
310,195,70.0,223.863525390625,95.0,0,-1
327,195,70.0,238.4733428955078,95.0,0,-1
455,195,70.0,335.2838439941406,95.0,0,-1
517,195,70.0,340.9092102050781,95.0,0,-1
525,195,70.0,318.3408203125,95.0,0,-1
530,195,70.0,221.23007202148438,95.0,0,-1
87,202,70.0,353.5279846191406,95.0,0,-1
95,202,70.0,357.7142028808594,95.0,0,-1
285,202,70.0,352.3666076660156,95.0,0,-1
392,202,70.0,156.5886688232422,95.0,0,-1
410,202,70.0,341.28021240234375,95.0,0,-1
430,202,70.0,174.92576599121094,95.0,0,-1
435,202,70.0,175.35658264160156,95.0,0,-1
517,202,70.0,320.3912048339844,95.0,0,-1
525,202,70.0,294.7191467285156,95.0,0,-1
37,207,70.0,140.5887908935547,95.0,0,-1
45,207,70.0,134.69940185546875,95.0,0,-1
145,207,70.0,163.9227294921875,95.0,0,-1
165,207,70.0,25.32927703857422,95.0,0,-1
195,207,70.0,108.01323699951172,95.0,0,-1
202,207,70.0,74.11679077148438,95.0,0,-1
277,207,70.0,62.19790267944336,95.0,0,-1
385,207,70.0,141.2049560546875,95.0,0,-1
430,207,70.0,136.14077758789062,95.0,0,-1
435,207,70.0,130.19276428222656,95.0,0,-1
442,207,70.0,72.46009826660156,95.0,0,-1
32,215,70.0,126.08084106445312,95.0,0,-1
50,215,70.0,124.34605407714844,95.0,0,-1
57,215,70.0,126.15203857421875,95.0,0,-1
145,215,70.0,140.98110961914062,95.0,0,-1
165,215,70.0,63.58788299560547,95.0,0,-1
182,215,70.0,60.94966506958008,95.0,0,-1
190,215,70.0,81.30561828613281,95.0,0,-1
207,215,70.0,69.19829559326172,95.0,0,-1
215,215,70.0,56.077518463134766,95.0,0,-1
277,215,70.0,86.7878189086914,95.0,0,-1
297,215,70.0,47.340087890625,95.0,0,-1
315,215,70.0,164.09417724609375,95.0,0,-1
322,215,70.0,122.5900650024414,95.0,0,-1
385,215,70.0,116.6252670288086,95.0,0,-1
430,215,70.0,102.51841735839844,95.0,0,-1
447,215,70.0,67.24600219726562,95.0,0,-1
455,215,70.0,47.82559585571289,95.0,0,-1
505,215,70.0,129.63108825683594,95.0,0,-1
550,215,70.0,140.06150817871094,95.0,0,-1
107,227,70.0,40.357025146484375,95.0,0,-1
132,227,70.0,127.89213562011719,95.0,0,-1
227,227,70.0,37.86227035522461,95.0,0,-1
252,227,70.0,130.41183471679688,95.0,0,-1
347,227,70.0,49.71419143676758,95.0,0,-1
372,227,70.0,127.44719696044922,95.0,0,-1
467,227,70.0,37.8680305480957,95.0,0,-1
492,227,70.0,132.97805786132812,95.0,0,-1
107,252,70.0,322.1768493652344,95.0,0,-1
132,252,70.0,228.87344360351562,95.0,0,-1
227,252,70.0,315.8607482910156,95.0,0,-1
252,252,70.0,229.02317810058594,95.0,0,-1
347,252,70.0,314.98095703125,95.0,0,-1
372,252,70.0,219.71376037597656,95.0,0,-1
467,252,70.0,321.98992919921875,95.0,0,-1
492,252,70.0,224.99044799804688,95.0,0,-1
37,265,70.0,299.2364807128906,95.0,0,-1
45,265,70.0,358.53369140625,95.0,0,-1
87,265,70.0,336.3577880859375,95.0,0,-1
95,265,70.0,337.48284912109375,95.0,0,-1
157,265,70.0,262.1819152832031,95.0,0,-1
165,265,70.0,293.9220275878906,95.0,0,-1
195,265,70.0,256.79998779296875,95.0,0,-1
202,265,70.0,290.0805969238281,95.0,0,-1
277,265,70.0,278.6722412109375,95.0,0,-1
310,265,70.0,229.43756103515625,95.0,0,-1
385,265,70.0,206.0446014404297,95.0,0,-1
392,265,70.0,214.9093017578125,95.0,0,-1
447,265,70.0,326.72601318359375,95.0,0,-1
455,265,70.0,335.1839904785156,95.0,0,-1
505,265,70.0,224.31155395507812,95.0,0,-1
512,265,70.0,239.49539184570312,95.0,0,-1
555,265,70.0,297.99658203125,95.0,0,-1
50,272,70.0,68.5291976928711,95.0,0,-1
157,272,70.0,267.4743957519531,95.0,0,-1
165,272,70.0,328.83306884765625,95.0,0,-1
170,272,70.0,310.48577880859375,95.0,0,-1
190,272,70.0,280.8287353515625,95.0,0,-1
195,272,70.0,247.6007080078125,95.0,0,-1
202,272,70.0,343.32098388671875,95.0,0,-1
207,272,70.0,350.5625915527344,95.0,0,-1
310,272,70.0,204.01596069335938,95.0,0,-1
505,272,70.0,205.0859375,95.0,0,-1
512,272,70.0,218.4262237548828,95.0,0,-1
517,272,70.0,253.86892700195312,95.0,0,-1
550,272,70.0,344.2930603027344,95.0,0,-1
70,277,70.0,106.49314880371094,95.0,0,-1
165,277,70.0,30.280488967895508,95.0,0,-1
170,277,70.0,45.81096267700195,95.0,0,-1
190,277,70.0,67.15440368652344,95.0,0,-1
195,277,70.0,90.25826263427734,95.0,0,-1
202,277,70.0,54.21549987792969,95.0,0,-1
207,277,70.0,32.712703704833984,95.0,0,-1
215,277,70.0,16.696075439453125,95.0,0,-1
290,277,70.0,82.54747009277344,95.0,0,-1
410,277,70.0,120.84249877929688,95.0,0,-1
430,277,70.0,57.79627990722656,95.0,0,-1
512,277,70.0,175.3486785888672,95.0,0,-1
517,277,70.0,105.36470794677734,95.0,0,-1
525,277,70.0,15.009459495544434,95.0,0,-1
542,277,70.0,8.738409996032715,95.0,0,-1
32,285,70.0,39.20976638793945,95.0,0,-1
75,285,70.0,107.770263671875,95.0,0,-1
82,285,70.0,103.52136993408203,95.0,0,-1
170,285,70.0,63.19660949707031,95.0,0,-1
190,285,70.0,77.87149810791016,95.0,0,-1
397,285,70.0,97.68030548095703,95.0,0,-1
405,285,70.0,100.9671630859375,95.0,0,-1
410,285,70.0,110.78915405273438,95.0,0,-1
430,285,70.0,87.56903839111328,95.0,0,-1
435,285,70.0,106.72652435302734,95.0,0,-1
442,285,70.0,75.63258361816406,95.0,0,-1
517,285,70.0,79.31836700439453,95.0,0,-1
525,285,70.0,38.73794174194336,95.0,0,-1
530,285,70.0,38.052310943603516,95.0,0,-1
537,285,70.0,36.67076110839844,95.0,0,-1
542,285,70.0,35.820858001708984,95.0,0,-1
145,290,70.0,175.61558532714844,95.0,0,-1
152,290,70.0,107.54989624023438,95.0,0,-1
302,290,70.0,137.90086364746094,95.0,0,-1
310,290,70.0,146.71620178222656,95.0,0,-1
327,290,70.0,64.3576889038086,95.0,0,-1
335,290,70.0,29.181488037109375,95.0,0,-1
405,290,70.0,98.60477447509766,95.0,0,-1
410,290,70.0,110.22018432617188,95.0,0,-1
430,290,70.0,108.34239196777344,95.0,0,-1
435,290,70.0,138.71084594726562,95.0,0,-1
525,290,70.0,28.604389190673828,95.0,0,-1
530,290,70.0,31.92589569091797,95.0,0,-1
537,290,70.0,36.06793975830078,95.0,0,-1
542,290,70.0,35.18743896484375,95.0,0,-1
550,290,70.0,61.770042419433594,95.0,0,-1
567,290,70.0,60.498085021972656,95.0,0,-1
145,297,70.0,178.36203002929688,95.0,0,-1
152,297,70.0,65.29460906982422,95.0,0,-1
157,297,70.0,1.1005604267120361,95.0,0,-1
202,297,70.0,84.25759887695312,95.0,0,-1
290,297,70.0,70.2911376953125,95.0,0,-1
297,297,70.0,130.3578643798828,95.0,0,-1
302,297,70.0,137.53280639648438,95.0,0,-1
310,297,70.0,141.3778839111328,95.0,0,-1
327,297,70.0,79.2859878540039,95.0,0,-1
335,297,70.0,33.78043746948242,95.0,0,-1
410,297,70.0,114.44442749023438,95.0,0,-1
455,297,70.0,343.14300537109375,95.0,0,-1
555,297,70.0,111.97106170654297,95.0,0,-1
562,297,70.0,165.46942138671875,95.0,0,-1
567,297,70.0,219.25897216796875,95.0,0,-1
57,302,70.0,312.71044921875,95.0,0,-1
152,302,70.0,128.241943359375,95.0,0,-1
157,302,70.0,351.8414001464844,95.0,0,-1
177,302,70.0,34.4521369934082,95.0,0,-1
195,302,70.0,104.11959075927734,95.0,0,-1
297,302,70.0,113.38197326660156,95.0,0,-1
302,302,70.0,124.22187042236328,95.0,0,-1
417,302,70.0,161.4037322998047,95.0,0,-1
447,302,70.0,56.20961380004883,95.0,0,-1
505,302,70.0,150.48455810546875,95.0,0,-1
512,302,70.0,98.47040557861328,95.0,0,-1
562,302,70.0,183.81143188476562,95.0,0,-1
567,302,70.0,210.0870819091797,95.0,0,-1
62,310,70.0,309.0945129394531,95.0,0,-1
157,310,70.0,332.23565673828125,95.0,0,-1
195,310,70.0,241.59335327148438,95.0,0,-1
272,310,70.0,301.11468505859375,95.0,0,-1
302,310,70.0,129.60614013671875,95.0,0,-1
417,310,70.0,240.90928649902344,95.0,0,-1
422,310,70.0,232.95684814453125,95.0,0,-1
430,310,70.0,220.67274475097656,95.0,0,-1
435,310,70.0,210.03233337402344,95.0,0,-1
442,310,70.0,227.2926788330078,95.0,0,-1
505,310,70.0,158.1542510986328,95.0,0,-1
512,310,70.0,56.02669143676758,95.0,0,-1
542,310,70.0,355.5599670410156,95.0,0,-1
562,310,70.0,212.75376892089844,95.0,0,-1
37,315,70.0,272.5994873046875,95.0,0,-1
45,315,70.0,299.53759765625,95.0,0,-1
70,315,70.0,297.48773193359375,95.0,0,-1
165,315,70.0,340.28216552734375,95.0,0,-1
202,315,70.0,301.17279052734375,95.0,0,-1
265,315,70.0,234.23355102539062,95.0,0,-1
335,315,70.0,15.968585968017578,95.0,0,-1
410,315,70.0,278.923095703125,95.0,0,-1
417,315,70.0,253.239990234375,95.0,0,-1
422,315,70.0,247.59707641601562,95.0,0,-1
430,315,70.0,236.42501831054688,95.0,0,-1
435,315,70.0,226.61300659179688,95.0,0,-1
32,322,70.0,193.38967895507812,95.0,0,-1
37,322,70.0,234.4257049560547,95.0,0,-1
45,322,70.0,312.896728515625,95.0,0,-1
165,322,70.0,14.97356128692627,95.0,0,-1
170,322,70.0,18.154165267944336,95.0,0,-1
177,322,70.0,17.0194149017334,95.0,0,-1
182,322,70.0,13.78136157989502,95.0,0,-1
202,322,70.0,353.7055969238281,95.0,0,-1
265,322,70.0,199.1602783203125,95.0,0,-1
335,322,70.0,28.117023468017578,95.0,0,-1
385,322,70.0,223.73634338378906,95.0,0,-1
405,322,70.0,295.688232421875,95.0,0,-1
435,322,70.0,204.85317993164062,95.0,0,-1
525,322,70.0,12.223731994628906,95.0,0,-1
530,322,70.0,16.75823402404785,95.0,0,-1
32,327,70.0,150.65512084960938,95.0,0,-1
37,327,70.0,140.7689208984375,95.0,0,-1
157,327,70.0,57.212867736816406,95.0,0,-1
165,327,70.0,36.50693130493164,95.0,0,-1
170,327,70.0,38.21829605102539,95.0,0,-1
177,327,70.0,28.201128005981445,95.0,0,-1
182,327,70.0,22.390233993530273,95.0,0,-1
297,327,70.0,303.0564270019531,95.0,0,-1
327,327,70.0,76.5708236694336,95.0,0,-1
455,327,70.0,43.3681640625,95.0,0,-1
505,327,70.0,142.80426025390625,95.0,0,-1
525,327,70.0,21.436574935913086,95.0,0,-1
530,327,70.0,26.180347442626953,95.0,0,-1
537,327,70.0,52.549800872802734,95.0,0,-1
567,327,70.0,68.16985321044922,95.0,0,-1
32,335,70.0,122.61154174804688,95.0,0,-1
75,335,70.0,25.969219207763672,95.0,0,-1
95,335,70.0,22.38743019104004,95.0,0,-1
157,335,70.0,73.42339324951172,95.0,0,-1
165,335,70.0,51.109195709228516,95.0,0,-1
182,335,70.0,51.11915588378906,95.0,0,-1
215,335,70.0,39.084896087646484,95.0,0,-1
302,335,70.0,72.35384368896484,95.0,0,-1
322,335,70.0,95.39663696289062,95.0,0,-1
422,335,70.0,61.934024810791016,95.0,0,-1
455,335,70.0,63.84452819824219,95.0,0,-1
505,335,70.0,133.60330200195312,95.0,0,-1
525,335,70.0,40.172576904296875,95.0,0,-1
542,335,70.0,87.42566680908203,95.0,0,-1
562,335,70.0,91.09346771240234,95.0,0,-1
107,347,70.0,44.79116439819336,95.0,0,-1
132,347,70.0,130.42884826660156,95.0,0,-1
227,347,70.0,44.990455627441406,95.0,0,-1
252,347,70.0,139.10733032226562,95.0,0,-1
347,347,70.0,45.15138626098633,95.0,0,-1
372,347,70.0,139.02317810058594,95.0,0,-1
467,347,70.0,51.956539154052734,95.0,0,-1
492,347,70.0,128.0956573486328,95.0,0,-1
107,372,70.0,319.7287902832031,95.0,0,-1
132,372,70.0,224.98507690429688,95.0,0,-1
227,372,70.0,315.879638671875,95.0,0,-1
252,372,70.0,224.98507690429688,95.0,0,-1
347,372,70.0,315.2382507324219,95.0,0,-1
372,372,70.0,224.93222045898438,95.0,0,-1
467,372,70.0,314.85797119140625,95.0,0,-1
492,372,70.0,228.95640563964844,95.0,0,-1
32,385,70.0,234.2236785888672,95.0,0,-1
50,385,70.0,253.8059844970703,95.0,0,-1
57,385,70.0,257.1707763671875,95.0,0,-1
195,385,70.0,236.91696166992188,95.0,0,-1
202,385,70.0,269.5119323730469,95.0,0,-1
302,385,70.0,298.2877197265625,95.0,0,-1
310,385,70.0,262.5278015136719,95.0,0,-1
327,385,70.0,288.4523010253906,95.0,0,-1
335,385,70.0,306.48052978515625,95.0,0,-1
410,385,70.0,278.8964538574219,95.0,0,-1
430,385,70.0,255.1956329345703,95.0,0,-1
517,385,70.0,253.51199340820312,95.0,0,-1
525,385,70.0,290.9647216796875,95.0,0,-1
555,385,70.0,254.14920043945312,95.0,0,-1
562,385,70.0,300.40252685546875,95.0,0,-1
190,392,70.0,131.31637573242188,95.0,0,-1
207,392,70.0,298.2466735839844,95.0,0,-1
327,392,70.0,313.8912048339844,95.0,0,-1
335,392,70.0,329.720947265625,95.0,0,-1
410,392,70.0,268.1946105957031,95.0,0,-1
430,392,70.0,245.50823974609375,95.0,0,-1
517,392,70.0,231.9572296142578,95.0,0,-1
525,392,70.0,356.9024658203125,95.0,0,-1
555,392,70.0,119.75462341308594,95.0,0,-1
562,392,70.0,50.90528869628906,95.0,0,-1
75,397,70.0,121.57255554199219,95.0,0,-1
95,397,70.0,6.925294876098633,95.0,0,-1
157,397,70.0,59.034088134765625,95.0,0,-1
215,397,70.0,348.1050720214844,95.0,0,-1
277,397,70.0,64.35008239746094,95.0,0,-1
285,397,70.0,60.674224853515625,95.0,0,-1
50,405,70.0,85.54121398925781,95.0,0,-1
57,405,70.0,113.8979721069336,95.0,0,-1
95,405,70.0,35.64021301269531,95.0,0,-1
152,405,70.0,77.02059936523438,95.0,0,-1
215,405,70.0,69.05485534667969,95.0,0,-1
272,405,70.0,88.89520263671875,95.0,0,-1
315,405,70.0,125.89442443847656,95.0,0,-1
87,410,70.0,71.3075180053711,95.0,0,-1
145,410,70.0,124.4547119140625,95.0,0,-1
170,410,70.0,39.593666076660156,95.0,0,-1
177,410,70.0,57.38779830932617,95.0,0,-1
195,410,70.0,138.5058135986328,95.0,0,-1
265,410,70.0,143.01747131347656,95.0,0,-1
322,410,70.0,129.60708618164062,95.0,0,-1
385,410,70.0,155.58029174804688,95.0,0,-1
392,410,70.0,152.296630859375,95.0,0,-1
410,410,70.0,179.30361938476562,95.0,0,-1
417,410,70.0,169.20065307617188,95.0,0,-1
517,410,70.0,66.28744506835938,95.0,0,-1
32,417,70.0,118.76004028320312,95.0,0,-1
37,417,70.0,71.47540283203125,95.0,0,-1
70,417,70.0,90.36872863769531,95.0,0,-1
75,417,70.0,111.38545227050781,95.0,0,-1
82,417,70.0,96.98046112060547,95.0,0,-1
87,417,70.0,65.91639709472656,95.0,0,-1
145,417,70.0,174.82138061523438,95.0,0,-1
170,417,70.0,14.804095268249512,95.0,0,-1
177,417,70.0,21.162906646728516,95.0,0,-1
195,417,70.0,172.93609619140625,95.0,0,-1
290,417,70.0,26.3734188079834,95.0,0,-1
297,417,70.0,91.97293853759766,95.0,0,-1
322,417,70.0,138.4976348876953,95.0,0,-1
327,417,70.0,131.47286987304688,95.0,0,-1
397,417,70.0,166.54873657226562,95.0,0,-1
405,417,70.0,222.04461669921875,95.0,0,-1
410,417,70.0,222.00306701660156,95.0,0,-1
417,417,70.0,204.9518585205078,95.0,0,-1
512,417,70.0,71.31954956054688,95.0,0,-1
517,417,70.0,56.54155731201172,95.0,0,-1
32,422,70.0,102.65611267089844,95.0,0,-1
37,422,70.0,52.22692108154297,95.0,0,-1
70,422,70.0,99.99497985839844,95.0,0,-1
75,422,70.0,123.90196990966797,95.0,0,-1
82,422,70.0,105.14289855957031,95.0,0,-1
87,422,70.0,63.037147521972656,95.0,0,-1
95,422,70.0,12.180145263671875,95.0,0,-1
152,422,70.0,304.53466796875,95.0,0,-1
202,422,70.0,198.1051483154297,95.0,0,-1
315,422,70.0,141.21897888183594,95.0,0,-1
322,422,70.0,135.1145477294922,95.0,0,-1
327,422,70.0,129.8304443359375,95.0,0,-1
335,422,70.0,87.64665222167969,95.0,0,-1
405,422,70.0,192.37757873535156,95.0,0,-1
410,422,70.0,205.512939453125,95.0,0,-1
447,422,70.0,40.50493621826172,95.0,0,-1
455,422,70.0,27.00602912902832,95.0,0,-1
505,422,70.0,108.87701416015625,95.0,0,-1
512,422,70.0,66.62208557128906,95.0,0,-1
517,422,70.0,53.77272415161133,95.0,0,-1
525,422,70.0,48.75519561767578,95.0,0,-1
32,430,70.0,306.4327087402344,95.0,0,-1
70,430,70.0,163.317626953125,95.0,0,-1
75,430,70.0,182.95558166503906,95.0,0,-1
82,430,70.0,219.59317016601562,95.0,0,-1
152,430,70.0,278.7843017578125,95.0,0,-1
157,430,70.0,308.2552490234375,95.0,0,-1
207,430,70.0,229.60092163085938,95.0,0,-1
265,430,70.0,233.1321563720703,95.0,0,-1
315,430,70.0,160.9761199951172,95.0,0,-1
322,430,70.0,156.86524963378906,95.0,0,-1
327,430,70.0,149.22268676757812,95.0,0,-1
335,430,70.0,94.6060791015625,95.0,0,-1
385,430,70.0,188.0365753173828,95.0,0,-1
405,430,70.0,204.718505859375,95.0,0,-1
442,430,70.0,29.390602111816406,95.0,0,-1
50,435,70.0,0.8590104579925537,95.0,0,-1
70,435,70.0,192.9451446533203,95.0,0,-1
75,435,70.0,197.7592315673828,95.0,0,-1
145,435,70.0,224.81553649902344,95.0,0,-1
152,435,70.0,270.9582214355469,95.0,0,-1
157,435,70.0,302.59210205078125,95.0,0,-1
177,435,70.0,283.6009521484375,95.0,0,-1
215,435,70.0,295.0768127441406,95.0,0,-1
297,435,70.0,303.0296936035156,95.0,0,-1
322,435,70.0,185.83135986328125,95.0,0,-1
327,435,70.0,181.24615478515625,95.0,0,-1
435,435,70.0,335.70245361328125,95.0,0,-1
542,435,70.0,298.23321533203125,95.0,0,-1
550,435,70.0,271.2837829589844,95.0,0,-1
50,442,70.0,12.855048179626465,95.0,0,-1
70,442,70.0,194.945556640625,95.0,0,-1
95,442,70.0,8.644261360168457,95.0,0,-1
145,442,70.0,202.9233856201172,95.0,0,-1
152,442,70.0,258.0108642578125,95.0,0,-1
215,442,70.0,22.769563674926758,95.0,0,-1
297,442,70.0,317.1483154296875,95.0,0,-1
327,442,70.0,181.38839721679688,95.0,0,-1
455,442,70.0,16.629684448242188,95.0,0,-1
517,442,70.0,343.99749755859375,95.0,0,-1
525,442,70.0,324.36358642578125,95.0,0,-1
542,442,70.0,287.0495300292969,95.0,0,-1
550,442,70.0,267.91064453125,95.0,0,-1
555,442,70.0,242.82852172851562,95.0,0,-1
32,447,70.0,83.8873519897461,95.0,0,-1
87,447,70.0,70.06596374511719,95.0,0,-1
195,447,70.0,206.62307739257812,95.0,0,-1
290,447,70.0,339.5097351074219,95.0,0,-1
335,447,70.0,59.42200469970703,95.0,0,-1
385,447,70.0,169.50706481933594,95.0,0,-1
392,447,70.0,163.75811767578125,95.0,0,-1
447,447,70.0,33.019989013671875,95.0,0,-1
550,447,70.0,262.203857421875,95.0,0,-1
555,447,70.0,235.12359619140625,95.0,0,-1
562,447,70.0,232.99440002441406,95.0,0,-1
37,455,70.0,66.71356964111328,95.0,0,-1
82,455,70.0,97.58238220214844,95.0,0,-1
182,455,70.0,7.976715087890625,95.0,0,-1
190,455,70.0,47.515865325927734,95.0,0,-1
290,455,70.0,11.109240531921387,95.0,0,-1
335,455,70.0,62.11845397949219,95.0,0,-1
385,455,70.0,145.57070922851562,95.0,0,-1
392,455,70.0,135.61636352539062,95.0,0,-1
435,455,70.0,65.81849670410156,95.0,0,-1
442,455,70.0,53.864627838134766,95.0,0,-1
505,455,70.0,124.88665771484375,95.0,0,-1
550,455,70.0,215.02027893066406,95.0,0,-1
567,455,70.0,51.88861083984375,95.0,0,-1
107,467,70.0,45.04777145385742,95.0,0,-1
132,467,70.0,138.84829711914062,95.0,0,-1
227,467,70.0,40.28580856323242,95.0,0,-1
252,467,70.0,135.02850341796875,95.0,0,-1
347,467,70.0,52.268611907958984,95.0,0,-1
372,467,70.0,134.88368225097656,95.0,0,-1
467,467,70.0,44.84861373901367,95.0,0,-1
492,467,70.0,132.66195678710938,95.0,0,-1
107,492,70.0,322.10784912109375,95.0,0,-1
132,492,70.0,224.89215087890625,95.0,0,-1
227,492,70.0,315.27777099609375,95.0,0,-1
252,492,70.0,224.89215087890625,95.0,0,-1
347,492,70.0,315.13555908203125,95.0,0,-1
372,492,70.0,219.62680053710938,95.0,0,-1
467,492,70.0,316.00726318359375,95.0,0,-1
492,492,70.0,225.08694458007812,95.0,0,-1
37,505,70.0,335.1507873535156,95.0,0,-1
45,505,70.0,7.396350860595703,95.0,0,-1
62,505,70.0,286.6152038574219,95.0,0,-1
70,505,70.0,229.48867797851562,95.0,0,-1
87,505,70.0,289.2279968261719,95.0,0,-1
95,505,70.0,309.3056945800781,95.0,0,-1
157,505,70.0,249.61073303222656,95.0,0,-1
177,505,70.0,255.27857971191406,95.0,0,-1
207,505,70.0,294.2655944824219,95.0,0,-1
215,505,70.0,315.84033203125,95.0,0,-1
277,505,70.0,291.15545654296875,95.0,0,-1
310,505,70.0,238.74154663085938,95.0,0,-1
327,505,70.0,264.39715576171875,95.0,0,-1
335,505,70.0,318.34490966796875,95.0,0,-1
385,505,70.0,222.00733947753906,95.0,0,-1
392,505,70.0,242.32594299316406,95.0,0,-1
422,505,70.0,317.46533203125,95.0,0,-1
442,505,70.0,300.07275390625,95.0,0,-1
505,505,70.0,230.328125,95.0,0,-1
512,505,70.0,252.76333618164062,95.0,0,-1
530,505,70.0,327.02734375,95.0,0,-1
537,505,70.0,230.79989624023438,95.0,0,-1
555,505,70.0,203.49569702148438,95.0,0,-1
562,505,70.0,234.71392822265625,95.0,0,-1
32,512,70.0,50.257694244384766,95.0,0,-1
37,512,70.0,26.625974655151367,95.0,0,-1
45,512,70.0,43.47371292114258,95.0,0,-1
50,512,70.0,92.62586212158203,95.0,0,-1
57,512,70.0,136.75827026367188,95.0,0,-1
152,512,70.0,205.9393310546875,95.0,0,-1
157,512,70.0,213.72833251953125,95.0,0,-1
207,512,70.0,305.43048095703125,95.0,0,-1
215,512,70.0,329.8721008300781,95.0,0,-1
272,512,70.0,264.60601806640625,95.0,0,-1
277,512,70.0,304.8167419433594,95.0,0,-1
315,512,70.0,178.64085388183594,95.0,0,-1
322,512,70.0,166.4767608642578,95.0,0,-1
327,512,70.0,121.68841552734375,95.0,0,-1
335,512,70.0,8.579366683959961,95.0,0,-1
442,512,70.0,66.96968078613281,95.0,0,-1
447,512,70.0,30.880077362060547,95.0,0,-1
505,512,70.0,222.3271026611328,95.0,0,-1
512,512,70.0,263.009033203125,95.0,0,-1
517,512,70.0,322.6966857910156,95.0,0,-1
525,512,70.0,356.94476318359375,95.0,0,-1
542,512,70.0,150.56008911132812,95.0,0,-1
550,512,70.0,168.67117309570312,95.0,0,-1
555,512,70.0,176.78311157226562,95.0,0,-1
562,512,70.0,195.98985290527344,95.0,0,-1
32,517,70.0,58.756317138671875,95.0,0,-1
37,517,70.0,35.10204315185547,95.0,0,-1
45,517,70.0,48.82898712158203,95.0,0,-1
50,517,70.0,101.11817932128906,95.0,0,-1
145,517,70.0,168.48207092285156,95.0,0,-1
152,517,70.0,161.28541564941406,95.0,0,-1
157,517,70.0,156.52328491210938,95.0,0,-1
165,517,70.0,168.5325927734375,95.0,0,-1
265,517,70.0,213.65365600585938,95.0,0,-1
272,517,70.0,269.87841796875,95.0,0,-1
277,517,70.0,325.0257263183594,95.0,0,-1
285,517,70.0,348.1362609863281,95.0,0,-1
322,517,70.0,130.55812072753906,95.0,0,-1
327,517,70.0,98.47698211669922,95.0,0,-1
435,517,70.0,90.29889678955078,95.0,0,-1
442,517,70.0,90.05851745605469,95.0,0,-1
447,517,70.0,68.31808471679688,95.0,0,-1
455,517,70.0,43.19032287597656,95.0,0,-1
512,517,70.0,285.7561340332031,95.0,0,-1
517,517,70.0,345.97509765625,95.0,0,-1
550,517,70.0,161.57861328125,95.0,0,-1
555,517,70.0,168.14833068847656,95.0,0,-1
37,525,70.0,44.9787483215332,95.0,0,-1
45,525,70.0,52.63579177856445,95.0,0,-1
87,525,70.0,124.70868682861328,95.0,0,-1
95,525,70.0,2.073652505874634,95.0,0,-1
170,525,70.0,133.6811065673828,95.0,0,-1
177,525,70.0,144.399169921875,95.0,0,-1
290,525,70.0,21.500165939331055,95.0,0,-1
327,525,70.0,102.70630645751953,95.0,0,-1
385,525,70.0,145.18740844726562,95.0,0,-1
392,525,70.0,89.0253677368164,95.0,0,-1
417,525,70.0,43.286766052246094,95.0,0,-1
435,525,70.0,92.69515991210938,95.0,0,-1
442,525,70.0,102.56388854980469,95.0,0,-1
512,525,70.0,309.54132080078125,95.0,0,-1
517,525,70.0,346.7726135253906,95.0,0,-1
555,525,70.0,177.4891815185547,95.0,0,-1
310,530,70.0,72.95953369140625,95.0,0,-1
335,530,70.0,27.91395378112793,95.0,0,-1
410,530,70.0,28.019540786743164,95.0,0,-1
505,530,70.0,218.32032775878906,95.0,0,-1
512,530,70.0,293.2127380371094,95.0,0,-1
517,530,70.0,324.27197265625,95.0,0,-1
525,530,70.0,331.715087890625,95.0,0,-1
562,530,70.0,194.2118377685547,95.0,0,-1
70,537,70.0,178.8601837158203,95.0,0,-1
157,537,70.0,226.48387145996094,95.0,0,-1
265,537,70.0,198.12606811523438,95.0,0,-1
272,537,70.0,277.91119384765625,95.0,0,-1
405,537,70.0,30.01481819152832,95.0,0,-1
505,537,70.0,216.30030822753906,95.0,0,-1
512,537,70.0,277.7158203125,95.0,0,-1
530,537,70.0,303.9963073730469,95.0,0,-1
562,537,70.0,217.30172729492188,95.0,0,-1
32,542,70.0,44.44542694091797,95.0,0,-1
50,542,70.0,178.0296173095703,95.0,0,-1
87,542,70.0,221.54092407226562,95.0,0,-1
95,542,70.0,348.69671630859375,95.0,0,-1
165,542,70.0,32.29532241821289,95.0,0,-1
195,542,70.0,135.34063720703125,95.0,0,-1
202,542,70.0,93.72361755371094,95.0,0,-1
290,542,70.0,322.35113525390625,95.0,0,-1
297,542,70.0,318.9624938964844,95.0,0,-1
397,542,70.0,80.35222625732422,95.0,0,-1
422,542,70.0,356.5614318847656,95.0,0,-1
442,542,70.0,229.47900390625,95.0,0,-1
537,542,70.0,274.42572021484375,95.0,0,-1
555,542,70.0,218.8477783203125,95.0,0,-1
32,550,70.0,255.10498046875,95.0,0,-1
82,550,70.0,219.74649047851562,95.0,0,-1
87,550,70.0,272.446044921875,95.0,0,-1
95,550,70.0,357.4354553222656,95.0,0,-1
145,550,70.0,207.53443908691406,95.0,0,-1
170,550,70.0,30.656484603881836,95.0,0,-1
190,550,70.0,146.65609741210938,95.0,0,-1
195,550,70.0,145.341552734375,95.0,0,-1
202,550,70.0,113.44194030761719,95.0,0,-1
207,550,70.0,60.58612823486328,95.0,0,-1
285,550,70.0,321.2777099609375,95.0,0,-1
302,550,70.0,313.81756591796875,95.0,0,-1
310,550,70.0,286.95257568359375,95.0,0,-1
335,550,70.0,331.125244140625,95.0,0,-1
392,550,70.0,166.71311950683594,95.0,0,-1
417,550,70.0,338.47430419921875,95.0,0,-1
442,550,70.0,278.1107177734375,95.0,0,-1
542,550,70.0,267.3924560546875,95.0,0,-1
550,550,70.0,245.10028076171875,95.0,0,-1
62,555,70.0,219.26132202148438,95.0,0,-1
82,555,70.0,239.82965087890625,95.0,0,-1
87,555,70.0,314.64544677734375,95.0,0,-1
152,555,70.0,257.53973388671875,95.0,0,-1
190,555,70.0,159.89390563964844,95.0,0,-1
195,555,70.0,156.06332397460938,95.0,0,-1
202,555,70.0,130.81434631347656,95.0,0,-1
207,555,70.0,66.58975219726562,95.0,0,-1
215,555,70.0,10.244158744812012,95.0,0,-1
277,555,70.0,281.9425354003906,95.0,0,-1
327,555,70.0,283.26397705078125,95.0,0,-1
385,555,70.0,179.68507385253906,95.0,0,-1
410,555,70.0,303.7432556152344,95.0,0,-1
435,555,70.0,261.37127685546875,95.0,0,-1
157,562,70.0,353.1156921386719,95.0,0,-1
207,562,70.0,84.46675872802734,95.0,0,-1
215,562,70.0,25.72706413269043,95.0,0,-1
277,562,70.0,336.5812683105469,95.0,0,-1
322,562,70.0,272.2803649902344,95.0,0,-1
327,562,70.0,302.67828369140625,95.0,0,-1
165,567,70.0,25.891796112060547,95.0,0,-1
322,567,70.0,296.6293640136719,95.0,0,-1
327,567,70.0,340.2046813964844,95.0,0,-1
335,567,70.0,352.94671630859375,95.0,0,-1
505,567,70.0,152.4517822265625,95.0,0,-1
512,567,70.0,133.8572540283203,95.0,0,-1
542,567,70.0,107.73785400390625,95.0,0,-1
550,567,70.0,115.98167419433594,95.0,0,-1
434,74,84.0,155.42835998535156,115.0,1,-1
434,554,84.0,260.30120849609375,115.0,1,-1
326,392,84.0,324.2679138183594,115.0,1,-1
206,512,84.0,306.48681640625,115.0,1,-1
554,392,84.0,97.60986328125,115.0,1,-1
86,194,84.0,345.5761413574219,115.0,1,-1
74,74,84.0,261.2694091796875,115.0,1,-1
434,434,84.0,46.174903869628906,115.0,1,-1
272,152,84.0,228.42373657226562,115.0,1,-1
392,446,84.0,150.78720092773438,115.0,1,-1
326,554,84.0,324.15155029296875,114.0,1,-1
467,347,84.0,48.36061096191406,114.0,1,-1
372,347,84.0,147.34083557128906,114.0,1,-1
347,347,84.0,70.81056213378906,114.0,1,-1
252,347,84.0,150.1687469482422,114.0,1,-1
227,347,84.0,44.3089485168457,114.0,1,-1
132,347,84.0,137.90847778320312,114.0,1,-1
107,347,84.0,0.9899672865867615,114.0,1,-1
455,335,84.0,51.897315979003906,114.0,1,-1
215,335,84.0,30.372669219970703,114.0,1,-1
95,335,84.0,1.2373758554458618,114.0,1,-1
252,227,84.0,134.61231994628906,114.0,1,-1
326,326,84.0,59.54967498779297,114.0,1,-1
347,227,84.0,37.24065399169922,114.0,1,-1
372,227,84.0,104.48894500732422,114.0,1,-1
467,227,84.0,41.484458923339844,114.0,1,-1
492,227,84.0,140.27261352539062,114.0,1,-1
107,252,84.0,328.8201599121094,114.0,1,-1
132,252,84.0,227.4477081298828,114.0,1,-1
227,252,84.0,308.6934814453125,114.0,1,-1
512,86,84.0,129.33778381347656,114.0,1,-1
252,252,84.0,236.40899658203125,114.0,1,-1
347,252,84.0,319.7554016113281,114.0,1,-1
372,252,84.0,225.2325439453125,114.0,1,-1
326,194,84.0,5.462089538574219,114.0,1,-1
152,554,84.0,176.79519653320312,114.0,1,-1
467,252,84.0,323.76092529296875,114.0,1,-1
492,252,84.0,224.99044799804688,114.0,1,-1
252,467,84.0,135.48165893554688,114.0,1,-1
227,467,84.0,52.70940017700195,114.0,1,-1
215,95,84.0,29.731775283813477,114.0,1,-1
335,95,84.0,52.647640228271484,114.0,1,-1
132,467,84.0,139.6786651611328,114.0,1,-1
107,467,84.0,70.90888214111328,114.0,1,-1
107,107,84.0,58.505760192871094,114.0,1,-1
132,107,84.0,138.04055786132812,114.0,1,-1
227,107,84.0,39.19706344604492,114.0,1,-1
252,107,84.0,142.94993591308594,114.0,1,-1
347,107,84.0,41.77006149291992,114.0,1,-1
372,107,84.0,140.70919799804688,114.0,1,-1
467,107,84.0,58.17427444458008,114.0,1,-1
492,107,84.0,132.259033203125,114.0,1,-1
107,132,84.0,305.92510986328125,114.0,1,-1
132,132,84.0,221.45364379882812,114.0,1,-1
227,132,84.0,312.9861755371094,114.0,1,-1
252,132,84.0,224.99044799804688,114.0,1,-1
347,132,84.0,300.6605529785156,114.0,1,-1
372,132,84.0,225.40113830566406,114.0,1,-1
467,132,84.0,325.1602783203125,114.0,1,-1
492,132,84.0,224.94015502929688,114.0,1,-1
335,455,84.0,80.94725799560547,114.0,1,-1
446,446,84.0,40.06684112548828,114.0,1,-1
194,446,84.0,100.17708587646484,114.0,1,-1
86,446,84.0,58.36137390136719,114.0,1,-1
434,152,84.0,294.1159973144531,114.0,1,-1
314,512,84.0,281.7225341796875,114.0,1,-1
206,392,84.0,319.33612060546875,114.0,1,-1
492,372,84.0,236.85968017578125,114.0,1,-1
206,74,84.0,317.453857421875,114.0,1,-1
467,372,84.0,305.6983337402344,114.0,1,-1
372,372,84.0,218.79620361328125,114.0,1,-1
347,372,84.0,311.3217468261719,114.0,1,-1
252,372,84.0,221.7579345703125,114.0,1,-1
227,372,84.0,300.5680236816406,114.0,1,-1
392,74,84.0,180.96607971191406,114.0,1,-1
132,372,84.0,222.32562255859375,114.0,1,-1
194,206,84.0,87.29671478271484,114.0,1,-1
107,372,84.0,311.4481506347656,114.0,1,-1
492,347,84.0,142.45802307128906,114.0,1,-1
492,492,84.0,235.2804718017578,114.0,1,-1
467,492,84.0,327.93170166015625,114.0,1,-1
372,492,84.0,219.4661865234375,114.0,1,-1
347,492,84.0,311.3294677734375,114.0,1,-1
252,492,84.0,211.6344451904297,114.0,1,-1
215,215,84.0,55.25545120239258,114.0,1,-1
227,492,84.0,315.39666748046875,114.0,1,-1
132,492,84.0,210.7876739501953,114.0,1,-1
455,215,84.0,45.992156982421875,114.0,1,-1
107,492,84.0,318.71337890625,114.0,1,-1
492,467,84.0,111.20924377441406,114.0,1,-1
467,467,84.0,19.57866859436035,114.0,1,-1
372,467,84.0,140.11416625976562,114.0,1,-1
347,467,84.0,60.060089111328125,114.0,1,-1
107,227,84.0,40.5201530456543,114.0,1,-1
132,227,84.0,131.28662109375,114.0,1,-1
227,227,84.0,42.35760498046875,114.0,1,-1
228,372,100.80000305175781,263.0389404296875,136.0,2,-1
372,228,100.80000305175781,62.99424743652344,136.0,2,-1
228,228,100.80000305175781,112.35674285888672,136.0,2,-1
372,372,100.80000305175781,207.61880493164062,136.0,2,-1
455,157,100.80000305175781,293.8828125,135.0,2,-1
86,526,100.80000305175781,304.8100280761719,135.0,2,-1
418,418,100.80000305175781,105.28382110595703,135.0,2,-1
194,418,100.80000305175781,340.9686279296875,136.0,2,-1
455,442,100.80000305175781,47.17779541015625,135.0,2,-1
181,181,100.80000305175781,112.1376953125,135.0,2,-1
327,95,100.80000305175781,10.410045623779297,136.0,2,-1
181,336,100.80000305175781,27.715595245361328,135.0,2,-1
252,347,100.80000305175781,181.7729034423828,142.0,2,-1
336,431,100.80000305175781,119.13294982910156,135.0,2,-1
323,86,100.80000305175781,39.23429489135742,135.0,2,-1
513,86,100.80000305175781,138.8682098388672,140.0,2,-1
347,347,100.80000305175781,101.92669677734375,142.0,2,-1
550,455,100.80000305175781,274.0139465332031,135.0,2,-1
347,252,100.80000305175781,330.1123046875,142.0,2,-1
194,384,100.80000305175781,22.64116668701172,135.0,2,-1
86,194,100.80000305175781,14.295144081115723,138.0,2,-1
526,513,100.80000305175781,246.84661865234375,135.0,2,-1
442,455,100.80000305175781,35.49757766723633,135.0,2,-1
252,252,100.80000305175781,245.9103240966797,142.0,2,-1
336,513,100.80000305175781,269.0958557128906,138.0,2,-1
336,181,100.80000305175781,102.19036865234375,135.0,2,-1
435,435,100.80000305175781,54.10066604614258,136.0,2,-1
336,289,100.80000305175781,38.71562957763672,134.0,2,-1
336,323,100.80000305175781,84.74479675292969,134.0,2,-1
82,95,100.80000305175781,6.81281042098999,134.0,2,-1
289,276,100.80000305175781,207.1591339111328,134.0,2,-1
517,95,100.80000305175781,189.85623168945312,134.0,2,-1
95,177,100.80000305175781,317.8585510253906,134.0,2,-1
95,422,100.80000305175781,70.91630554199219,134.0,2,-1
323,336,100.80000305175781,16.601238250732422,134.0,2,-1
446,446,100.80000305175781,43.36366271972656,133.0,2,-1
418,526,100.80000305175781,16.82693099975586,132.0,2,-1
422,177,100.80000305175781,61.045387268066406,132.0,2,-1
455,265,100.80000305175781,323.7200927734375,132.0,2,-1
455,45,100.80000305175781,320.1986999511719,132.0,2,-1
289,418,100.80000305175781,50.78239440917969,133.0,2,-1
431,276,100.80000305175781,248.7701416015625,133.0,2,-1
422,82,100.80000305175781,119.9407958984375,132.0,2,-1
505,455,100.80000305175781,98.53595733642578,132.0,2,-1
58,153,100.80000305175781,256.9822082519531,133.0,2,-1
166,86,100.80000305175781,151.88441467285156,132.0,2,-1
166,541,100.80000305175781,159.6155548095703,133.0,2,-1
86,166,100.80000305175781,312.39239501953125,132.0,2,-1
384,323,100.80000305175781,119.71036529541016,132.0,2,-1
327,327,100.80000305175781,67.44574737548828,132.0,2,-1
166,153,100.80000305175781,220.86105346679688,133.0,2,-1
177,435,100.80000305175781,320.2089538574219,132.0,2,-1
526,336,100.80000305175781,112.14740753173828,133.0,2,-1
435,517,100.80000305175781,334.8589782714844,133.0,2,-1
468,131,100.80000305175781,198.64793395996094,131.0,2,-1
272,82,100.80000305175781,108.53023529052734,131.0,2,-1
95,265,100.80000305175781,84.51313018798828,131.0,2,-1
323,166,100.80000305175781,357.13238525390625,131.0,2,-1
107,492,100.80000305175781,302.68487548828125,131.0,2,-1
107,107,100.80000305175781,60.496925354003906,131.0,2,-1
336,384,100.80000305175781,317.3792724609375,131.0,2,-1
468,468,100.80000305175781,355.8149719238281,131.0,2,-1
131,468,100.80000305175781,142.52639770507812,131.0,2,-1
166,336,100.80000305175781,83.33858489990234,131.0,2,-1
181,166,100.80000305175781,137.10952758789062,131.0,2,-1
190,285,100.80000305175781,15.51373291015625,131.0,2,-1
194,541,100.80000305175781,136.0116729736328,131.0,2,-1
550,550,100.80000305175781,261.9828186035156,131.0,2,-1
492,107,100.80000305175781,129.88369750976562,131.0,2,-1
384,71,100.80000305175781,109.86206817626953,131.0,2,-1
58,194,100.80000305175781,181.73008728027344,131.0,2,-1
166,181,100.80000305175781,130.1544189453125,131.0,2,-1
530,86,100.80000305175781,108.10755157470703,131.0,2,-1
194,446,100.80000305175781,342.749267578125,131.0,2,-1
492,492,100.80000305175781,269.12115478515625,131.0,2,-1
131,131,100.80000305175781,234.2198944091797,131.0,2,-1
309,505,120.96001434326172,345.4538879394531,154.0,3,-1
86,264,120.96001434326172,71.56558227539062,158.0,3,-1
511,86,120.96001434326172,146.1119384765625,159.0,3,-1
321,86,120.96001434326172,19.32008934020996,153.0,3,-1
214,214,120.96001434326172,75.67639923095703,157.0,3,-1
309,271,120.96001434326172,6.531252384185791,153.0,3,-1
95,57,120.96001434326172,329.7373962402344,157.0,3,-1
416,416,120.96001434326172,198.9379425048828,154.0,3,-1
131,467,120.96001434326172,169.26344299316406,156.0,3,-1
57,152,120.96001434326172,234.5770263671875,153.0,3,-1
467,467,120.96001434326172,28.741621017456055,156.0,3,-1
511,264,120.96001434326172,252.64016723632812,158.0,3,-1
214,505,120.96001434326172,320.2041320800781,158.0,3,-1
454,264,120.96001434326172,309.64666748046875,163.0,3,-1
181,454,120.96001434326172,293.4021911621094,161.0,3,-1
541,95,120.96001434326172,58.597572326660156,157.0,3,-1
446,446,120.96001434326172,47.7989616394043,155.0,3,-1
107,107,120.96001434326172,33.83256912231445,156.0,3,-1
181,181,120.96001434326172,78.849853515625,154.0,3,-1
467,131,120.96001434326172,185.87965393066406,156.0,3,-1
410,410,120.96001434326172,218.0291748046875,154.0,3,-1
107,491,120.96001434326172,256.1384582519531,156.0,3,-1
309,264,120.96001434326172,356.3664855957031,153.0,3,-1
529,152,120.96001434326172,175.1226348876953,153.0,3,-1
491,107,120.96001434326172,278.9857177734375,156.0,3,-1
491,491,120.96001434326172,276.1416015625,156.0,3,-1
131,131,120.96001434326172,191.2805938720703,156.0,3,-1
264,321,120.96001434326172,128.65733337402344,156.0,3,-1
454,214,120.96001434326172,356.8028259277344,153.0,3,-1
505,505,120.96001434326172,257.3643798828125,161.0,3,-1
264,314,120.96001434326172,119.99874114990234,154.0,3,-1
271,309,120.96001434326172,109.7127914428711,153.0,3,-1
276,264,120.96001434326172,192.81887817382812,156.0,3,-1
95,541,120.96001434326172,100.33331298828125,157.0,3,-1
505,214,120.96001434326172,168.77728271484375,158.0,3,-1
505,309,120.96001434326172,89.26405334472656,154.0,3,-1
505,454,120.96001434326172,87.71601104736328,154.0,3,-1
95,169,120.96001434326172,301.5169982910156,152.0,3,-1
446,190,120.96001434326172,77.67024993896484,152.0,3,-1
505,422,120.96001434326172,77.8341064453125,152.0,3,-1
74,74,120.96001434326172,28.938026428222656,152.0,3,-1
422,505,120.96001434326172,19.36103057861328,152.0,3,-1
327,505,120.96001434326172,312.4403381347656,152.0,3,-1
176,505,120.96001434326172,184.34503173828125,152.0,3,-1
505,81,120.96001434326172,54.70053482055664,152.0,3,-1
169,416,120.96001434326172,203.80413818359375,152.0,3,-1
404,321,120.96001434326172,162.60400390625,152.0,3,-1
454,327,120.96001434326172,28.388965606689453,152.0,3,-1
314,404,120.96001434326172,342.0405578613281,152.0,3,-1
505,327,120.96001434326172,96.1634292602539,152.0,3,-1
505,271,120.96001434326172,229.5589141845703,152.0,3,-1
57,511,120.96001434326172,209.23602294921875,151.0,3,-1
95,202,120.96001434326172,32.3457145690918,151.0,3,-1
372,226,120.96001434326172,252.53073120117188,151.0,3,-1
505,264,120.96001434326172,238.1151123046875,151.0,3,-1
264,410,120.96001434326172,287.22412109375,151.0,3,-1
396,95,120.96001434326172,164.19650268554688,151.0,3,-1
86,541,120.96001434326172,130.9888153076172,151.0,3,-1
169,57,120.96001434326172,221.08346557617188,151.0,3,-1
541,511,120.96001434326172,272.33349609375,151.0,3,-1
372,372,120.96001434326172,243.70030212402344,151.0,3,-1
95,396,120.96001434326172,311.6776428222656,151.0,3,-1
226,226,120.96001434326172,112.94738006591797,151.0,3,-1
226,372,120.96001434326172,238.08169555664062,151.0,3,-1
309,75,145.1520233154297,52.64218521118164,176.0,4,-1
284,396,145.1520233154297,254.6368865966797,170.0,4,-1
504,529,145.1520233154297,201.1207275390625,172.0,4,-1
334,504,145.1520233154297,240.754638671875,177.0,4,-1
504,421,145.1520233154297,48.958316802978516,173.0,4,-1
309,529,145.1520233154297,316.59564208984375,171.0,4,-1
75,75,145.1520233154297,27.754114151000977,170.0,4,-1
454,421,145.1520233154297,23.484201431274414,175.0,4,-1
226,226,145.1520233154297,90.0869369506836,178.0,4,-1
309,504,145.1520233154297,321.5043640136719,181.0,4,-1
201,176,145.1520233154297,41.70883560180664,171.0,4,-1
201,421,145.1520233154297,356.44000244140625,171.0,4,-1
346,346,145.1520233154297,259.82025146484375,174.0,4,-1
334,75,145.1520233154297,41.169715881347656,170.0,4,-1
371,371,145.1520233154297,226.81976318359375,178.0,4,-1
176,504,145.1520233154297,212.96304321289062,173.0,4,-1
214,214,145.1520233154297,88.66941833496094,171.0,4,-1
433,454,145.1520233154297,52.02536392211914,170.0,4,-1
251,251,145.1520233154297,134.18202209472656,174.0,4,-1
504,75,145.1520233154297,95.10441589355469,175.0,4,-1
346,251,145.1520233154297,318.635986328125,174.0,4,-1
529,151,145.1520233154297,218.70484924316406,171.0,4,-1
226,371,145.1520233154297,167.19259643554688,178.0,4,-1
446,446,145.1520233154297,46.97647476196289,174.0,4,-1
251,346,145.1520233154297,217.59864807128906,174.0,4,-1
504,334,145.1520233154297,209.79208374023438,177.0,4,-1
454,334,145.1520233154297,262.03466796875,174.0,4,-1
164,516,145.1520233154297,213.49676513671875,172.0,4,-1
334,454,145.1520233154297,98.2688217163086,174.0,4,-1
384,454,145.1520233154297,138.66305541992188,173.0,4,-1
371,226,145.1520233154297,92.67257690429688,178.0,4,-1
75,334,145.1520233154297,339.546630859375,170.0,4,-1
529,504,145.1520233154297,250.13906860351562,172.0,4,-1
284,201,145.1520233154297,109.00187683105469,171.0,4,-1
454,297,145.1520233154297,155.09315490722656,170.0,4,-1
396,284,145.1520233154297,221.6725311279297,171.0,4,-1
454,176,145.1520233154297,50.06242752075195,175.0,4,-1
504,504,145.1520233154297,234.8786163330078,182.0,4,-1
446,421,145.1520233154297,19.47081184387207,170.0,4,-1
504,454,145.1520233154297,46.29362487792969,180.0,4,-1
421,504,145.1520233154297,59.330604553222656,173.0,4,-1
504,309,145.1520233154297,120.67523956298828,181.0,4,-1
151,421,145.1520233154297,184.07882690429688,169.0,4,-1
164,189,145.1520233154297,139.18785095214844,169.0,4,-1
421,176,145.1520233154297,43.70277404785156,169.0,4,-1
214,195,145.1520233154297,91.51875305175781,169.0,4,-1
504,81,145.1520233154297,97.2325439453125,169.0,4,-1
75,396,145.1520233154297,320.15057373046875,168.0,4,-1
164,214,145.1520233154297,140.40582275390625,168.0,4,-1
433,433,145.1520233154297,49.48735427856445,168.0,4,-1
384,446,145.1520233154297,134.3415985107422,168.0,4,-1
334,421,145.1520233154297,116.56987762451172,167.0,4,-1
334,446,145.1520233154297,96.8073959350586,167.0,4,-1
421,334,145.1520233154297,270.39599609375,167.0,4,-1
301,77,174.18243408203125,314.3796081542969,190.0,5,-1
505,77,174.18243408203125,225.96221923828125,191.0,5,-1
508,309,174.18243408203125,204.09803771972656,192.0,5,-1
319,144,174.18243408203125,259.6766357421875,184.0,5,-1
157,309,174.18243408203125,196.2045135498047,186.0,5,-1
251,346,174.18243408203125,114.47505187988281,189.0,5,-1
144,438,174.18243408203125,181.64842224121094,191.0,5,-1
194,413,174.18243408203125,233.30482482910156,186.0,5,-1
214,214,174.18243408203125,67.47315979003906,184.0,5,-1
251,251,174.18243408203125,175.52920532226562,189.0,5,-1
346,251,174.18243408203125,11.252034187316895,189.0,5,-1
144,413,174.18243408203125,156.86793518066406,189.0,5,-1
413,411,174.18243408203125,62.91670227050781,186.0,5,-1
440,309,174.18243408203125,213.5823974609375,185.0,5,-1
319,214,174.18243408203125,55.67606735229492,184.0,5,-1
346,346,174.18243408203125,335.13409423828125,189.0,5,-1
438,169,174.18243408203125,70.91484069824219,184.0,5,-1
388,505,174.18243408203125,159.11390686035156,184.0,5,-1
77,284,174.18243408203125,116.104248046875,188.0,5,-1
144,214,174.18243408203125,107.60649871826172,184.0,5,-1
296,438,174.18243408203125,55.80534362792969,188.0,5,-1
333,388,174.18243408203125,14.149149894714355,185.0,5,-1
438,453,174.18243408203125,76.63505554199219,190.0,5,-1
333,508,174.18243408203125,315.7605895996094,186.0,5,-1
214,438,174.18243408203125,329.947509765625,191.0,5,-1
388,453,174.18243408203125,140.1005859375,183.0,5,-1
169,413,174.18243408203125,353.6692199707031,183.0,5,-1
157,333,174.18243408203125,111.19789123535156,183.0,5,-1
428,388,174.18243408203125,261.7980041503906,181.0,5,-1
147,289,174.18243408203125,161.06698608398438,182.0,5,-1
144,207,174.18243408203125,114.338623046875,182.0,5,-1
333,319,174.18243408203125,341.4771728515625,181.0,5,-1
411,388,174.18243408203125,268.9215087890625,181.0,5,-1
510,87,174.18243408203125,68.52191925048828,182.0,5,-1
214,508,174.18243408203125,311.95660400390625,181.0,5,-1
207,391,174.18243408203125,290.4888000488281,181.0,5,-1
388,411,174.18243408203125,165.5920867919922,181.0,5,-1
388,264,174.18243408203125,299.33636474609375,181.0,5,-1
326,388,174.18243408203125,270.6727600097656,182.0,5,-1
214,333,174.18243408203125,31.489349365234375,181.0,5,-1
207,508,174.18243408203125,284.5198059082031,181.0,5,-1
207,214,174.18243408203125,82.30462646484375,182.0,5,-1
251,371,174.18243408203125,238.74026489257812,180.0,5,-1
371,251,174.18243408203125,329.68701171875,180.0,5,-1
346,371,174.18243408203125,182.90499877929688,180.0,5,-1
214,276,174.18243408203125,354.0002136230469,180.0,5,-1
296,326,174.18243408203125,118.17984008789062,180.0,5,-1
346,226,174.18243408203125,20.98906898498535,180.0,5,-1
164,147,174.18243408203125,165.4086456298828,180.0,5,-1
182,333,174.18243408203125,79.9722900390625,180.0,5,-1
440,284,174.18243408203125,205.462646484375,180.0,5,-1
326,296,174.18243408203125,11.08535099029541,180.0,5,-1
333,182,174.18243408203125,10.97465705871582,180.0,5,-1
309,294,174.18243408203125,30.50267791748047,180.0,5,-1
371,346,174.18243408203125,241.97213745117188,180.0,5,-1
226,346,174.18243408203125,15.410332679748535,180.0,5,-1
226,251,174.18243408203125,64.42198181152344,180.0,5,-1
276,214,174.18243408203125,102.4686279296875,180.0,5,-1
251,226,174.18243408203125,116.81610870361328,180.0,5,-1
278,173,209.01893615722656,27.558326721191406,214.0,6,-1
415,412,209.01893615722656,177.38946533203125,217.0,6,-1
385,173,209.01893615722656,340.20355224609375,216.0,6,-1
308,293,209.01893615722656,15.960217475891113,227.0,6,-1
388,448,209.01893615722656,143.322509765625,213.0,6,-1
197,266,209.01893615722656,98.6242446899414,214.0,6,-1
197,385,209.01893615722656,143.1060028076172,217.0,6,-1
293,415,209.01893615722656,111.88227844238281,221.0,6,-1
93,173,209.01893615722656,158.88058471679688,214.0,6,-1
173,415,209.01893615722656,215.34576416015625,218.0,6,-1
93,197,209.01893615722656,155.58355712890625,216.0,6,-1
194,412,209.01893615722656,222.27566528320312,212.0,6,-1
388,266,209.01893615722656,34.021060943603516,212.0,6,-1
305,385,209.01893615722656,111.46678924560547,212.0,6,-1
293,158,209.01893615722656,273.91949462890625,212.0,6,-1
93,400,209.01893615722656,114.63481140136719,210.0,6,-1
388,505,209.01893615722656,105.68181610107422,210.0,6,-1
328,293,209.01893615722656,187.63697814941406,210.0,6,-1
308,269,209.01893615722656,77.66805267333984,209.0,6,-1
305,194,209.01893615722656,17.231971740722656,209.0,6,-1
427,388,209.01893615722656,261.3191833496094,209.0,6,-1
146,293,209.01893615722656,346.2352600097656,209.0,6,-1
194,305,209.01893615722656,302.062744140625,208.0,6,-1
281,397,209.01893615722656,103.02142333984375,208.0,6,-1
388,454,209.01893615722656,134.62161254882812,207.0,6,-1
269,149,209.01893615722656,11.600044250488281,207.0,6,-1
212,400,209.01893615722656,131.84036254882812,206.0,6,-1
200,317,209.01893615722656,290.9435119628906,206.0,6,-1
266,317,209.01893615722656,37.752567291259766,206.0,6,-1
185,212,209.01893615722656,196.60769653320312,205.0,6,-1
290,451,209.01893615722656,359.97210693359375,204.0,6,-1
328,388,209.01893615722656,168.9658203125,202.0,6,-1
197,206,209.01893615722656,181.40768432617188,202.0,6,-1
451,266,209.01893615722656,192.69415283203125,202.0,6,-1
185,454,209.01893615722656,239.18028259277344,201.0,6,-1
409,388,209.01893615722656,222.12306213378906,200.0,6,-1
388,409,209.01893615722656,171.95616149902344,200.0,6,-1
146,412,209.01893615722656,23.739517211914062,200.0,6,-1
161,147,250.82272338867188,295.9657897949219,229.0,7,-1
305,290,250.82272338867188,142.2004852294922,225.0,7,-1
265,315,250.82272338867188,8.160917282104492,224.0,7,-1
147,290,250.82272338867188,43.62881088256836,229.0,7,-1
315,211,250.82272338867188,23.206485748291016,222.0,7,-1
172,412,250.82272338867188,227.90037536621094,228.0,7,-1
448,211,250.82272338867188,195.5017547607422,222.0,7,-1
305,193,250.82272338867188,258.5870361328125,223.0,7,-1
315,423,250.82272338867188,169.09776306152344,227.0,7,-1
330,294,250.82272338867188,224.13502502441406,224.0,7,-1
265,147,250.82272338867188,37.508262634277344,229.0,7,-1
383,172,250.82272338867188,354.26190185546875,222.0,7,-1
197,265,250.82272338867188,121.22457885742188,225.0,7,-1
290,448,250.82272338867188,267.8301696777344,225.0,7,-1
147,437,250.82272338867188,245.27871704101562,230.0,7,-1
387,265,250.82272338867188,38.12919998168945,225.0,7,-1
448,265,250.82272338867188,1.1814762353897095,224.0,7,-1
197,208,250.82272338867188,60.88252258300781,221.0,7,-1
158,330,250.82272338867188,253.104736328125,221.0,7,-1
193,305,250.82272338867188,174.3909149169922,221.0,7,-1
197,383,250.82272338867188,69.26109313964844,220.0,7,-1
294,437,250.82272338867188,213.73377990722656,220.0,7,-1
451,330,250.82272338867188,263.8555908203125,220.0,7,-1
305,383,250.82272338867188,152.22593688964844,220.0,7,-1
387,451,250.82272338867188,111.55508422851562,220.0,7,-1
326,387,250.82272338867188,168.8834991455078,219.0,7,-1
276,172,250.82272338867188,348.3206787109375,219.0,7,-1
211,398,250.82272338867188,298.14752197265625,218.0,7,-1
408,147,250.82272338867188,84.63176727294922,218.0,7,-1
412,412,250.82272338867188,121.72721099853516,218.0,7,-1
211,437,250.82272338867188,247.90647888183594,218.0,7,-1
