Query Index,Train Index,Distance,Query X,Query Y,Train X,Train Y,Query Descriptor,Train Descriptor,Query Image ID,Train Image ID
471,307,19.0,112,149,130,302,0000000011111011110101111011110001111000011001000001110011011000110000001110111010000000100010010000000100101011110110111011010010100100101001011111110100100100000000101000110000000111011001010011101001001000011000001111000110101001110110100100010110010111,0100000011111011110101111011110001111000011001000001110111011000110000001111111010001000100010011000010100111011110110111011010010100100101001011111010100100100000010111100110000010100011001010011001001001000010000001001000110101001110010100100010110010111,aruco_011,aruco_016
492,371,20.0,107,173,139,315,0100000011101011110000010011100001111111011000000101110010110000111010011111001010000000111010010000000000101111110110111011000010100110101001010101000100000100001001110101101000010111010011011011111001011000011000001101100010101000010011110110011111010011,0100000011101011110001110011100001111110011000000101110010010000111010001011001000000000110010010000000100101111110110111001010010100110101001011101000100000000001000100101101000010111010001011011111001011100011000011101100010101000010010110100011111010011,aruco_011,aruco_016
356,195,21.0,164,102,127,257,1100000011101011110000010010101011111011001101000101110110100000011010001010001000000000111010011001110100101011011110110001001110100010001001010011000100000000000011110111101000110100100011000011101001001110010000011101010000101001010111100010011100010101,1100000011111011110000010011101001111000001101000101110110110000111010001010001000001000111010011001110100101011010110110001011110100010101001010011010100000000000011110111101000110100000001000011101001001010010000011001110010101001010111100000011100010011,aruco_011,aruco_016
396,224,22.0,533,228,354,134,0000000010111011110100111011100001111110001000000101010110010000010010001010111011001000110010110000100100111011010110100011010010110110101011010111010101100000000011110100101000110100001001010011001001101010010100011011010010101000110010101100110110010111,0100000010111011010101111011101001111110001100000101010110110000110010001010111011001000110010110001000100111011010110100011011010100110111011011111010001100000001011100010100000110100001001010011001001011010010100011011010010101000110011101100110110010111,aruco_011,aruco_016
477,347,23.0,453,152,280,138,0000000011101011110101011011110001011010011101000001010111011000111000101010111000010000100010010000000100101011110110101010000010100110101001011111100100100100001010101001101000010111011001000011111001011001011100001111000110101011010110100100010111100111,0000000011101011110101111011110001111010011100000001010111011000110000101010111010011000100010011001000100111011110110101011010010100110101001011111100100100000001010101011100000010101011001000011111001011001010000001011100110101011110110100100010111010011,aruco_011,aruco_016
451,300,24.0,109,174,140,316,1100000010101101110000011010101011111101010100000101010111001000111000011111001001000001101001110101000000111110011110110001001110100010101011011001100100000000000000100111101000100101000001000111101001011111010000011101110000101000110010110110010101010001,1100000010101111110000011011101011111101001000010101110011111000111000011111001001000000101001111001000000111110111110110001001110100010101011011101100100000000000000110111101000110101000011000011101001011111010000011101110010101000010111110110010111010001,aruco_011,aruco_016
487,385,25.0,137,140,137,286,1100000011111111010101111011101001111100011100000101010010110000111010101111101011001000111010010001100000101111010110101001011010110110001001010111000100000000000001100000101000000110001001001011111001111001011100011001100010101011010111110100011110010111,0100000011111111010101110011110001111110011000000101010110110000111010101011001010001000111011010001100000101111010110101010011010100010001001010111100100000100000001100000101000000110000001000011111001111000011100011111100110101011010110110100011110010011,aruco_011,aruco_016
437,313,26.0,500,386,416,219,1000001010001011111101110011110011011011011111000001010011101000111000001110010010111100000000101101000000101110110110001000011110110100001111011001100110100110000100100110010000000110011010011111111000110100000110101100001010101001010110110010110100100101,1100001010011101101101111011110011111011011111000101110011101000010000001110110001111100000000101101000000101110110110001000011110110100001101011001100111100110000100111110110000110110011010011111111000011100000010001100001010101001010110100010110100100101,aruco_011,aruco_016
534,446,27.0,480,387,408,226,0000011010111111010101011111110011111011001010000001110111000010011101011101010110111100111010001100110001111111111111011011010110100000011101010101000110001110001001100000111000000101110010011001111000110001000010101001000110101010110010111010110100010001,0100000010111111010001111011110011111011001011000001110111000010011110011101010100011100111000101100010001111111011110011011010110100000011001010101000111000100001001100000111000000101100010011011111000110101000010111000000110101010110010111010010100010101,aruco_011,aruco_016
228,3,28.0,203,53,124,220,1000000010101001110000011011101011111011000000000101110010010000111000011010101001000000110010111100010000101110110110111010010010100100101011011101010101100100001011110000111000010110001001011011111001011110011100000111010000101011110011000110010111000111,0100000011001001110100011011101001111111010000000101110010010000111000111010101001000000100010110100010000101110110110100010010110110100101001010111010101100100001010110100111000010110001001011011101001001010011100000111010000101001110011000110010110110110,aruco_011,aruco_016
460,332,29.0,406,164,266,168,1111000010110100010000010011001011011101011101011000010110001000011011001100010101101011010000100001010001111110010111100001101110110010110011111001100000100010000011100011001000111011101001100111101101100111010110111000110011100010110101110010010110110001,1111000110111101010000010011001011011101011001011000010110001010111010001100011001101011011001000001000001111010010111100001101110100010110011111001100000000110000001110011000000011111100001101111101101100111010110111000110011100000010101111010010100010001,aruco_011,aruco_016
488,375,29.0,119,448,278,429,1100110011111011010001110011100011111101011010000111010011101010111000101110011000111100001001001100100000111111011110110000100110101010101111010011000110001000000101110100110000110100111000000011110000111001010010011001110010100010110110111110011100000111,1100010011111011011001110011101011111111001010000101010111101010111101101110001010111100111011101100100000111111011111110000100110100010111111010011000100001000000101110100110000110100000010000011111000111001010010011010110010100010010110111110011100001011,aruco_011,aruco_016
529,443,29.0,466,165,448,368,0000000011111111110101111011110001111110001100000101010010011000110010101011111011000000111010010000100100111011111110101011011010100110001111011110110001100100001001111000101000010111011011001011011001100010011000001011110010101010010011101100111111010111,0100000011111111110101111011110001111110011101000101010010011000110010101011111010000000110010011000000100111011111110101011011010100100011001011110000100100100001010101000101000010111010001001011011001100000011000011011100110101001010010101100010111010111,aruco_011,aruco_016
544,444,30.0,136,140,137,289,0100000011111111110101111011111001111110011000000101010010110000110010101111111010001000111010011001100100111011111110101011011010100000001011010111100101100100000000101001101000010110010001011011111001110010011000011011110110101011010110110000011111010011,1000000010111111110101111011111001111110001100000101010011110000110010101111111010011000111010110000110100111011111110101011011010100000011011010101100100100100000001101011100000010101010011001011111001111000010000011011110010101011110110111000011110000111,aruco_011,aruco_016
351,201,31.0,57,206,136,355,0100000010111111010001010011101001111100011000000001010110111000101010101011011010011000101010111001110000110011011110101011010010100010011011011101000101000000001010100000100000110110001011001011101001111001010000001001110110101011110010111000011110000111,0100000010111111110000010011001001111110011000000001010110110000011110001011011111001000111010011001110000111111011110101011010110100000011101011101000001000000001110110000100000110110001011001011011001111001011100001001110110101011110010100000101110000111,aruco_011,aruco_016
151,102,33.0,138,515,437,197,0100010010011111110101111011111000101100001010000101110000011010010100101100110101011010111010000000110000111101111110100001011010100000111001011101100001100100000100111101111000000101110010011011001000011010010000101111100010101001110011100100010010000011,0100000010111111110101111011111001111100011000000001110000010010010110101001111101011010111010000100110000111101111110101001011110100000111001011110100101100100000010111101101000000111100010011011000001011001010000101111100110101001110010110000100010000011,aruco_011,aruco_016
278,23,33.0,456,151,280,139,0000000100101001110100011000110011010101001000000101110000011000110010101010001000000000100001110100000000111100110110111100011110000100100000001011010100100010000000111001010000001101010000011111011000011100011010001111010011101000010101110010010111110011,0000000000101001110100111000110011011101011000000101110001010000110010101011001001000000000001111101000100111100110110111100011110000100100010000011010100100110010010111010010000011101010000011101011000011001000010001111010011101000010100101110010110100110,aruco_011,aruco_016
346,452,34.0,503,180,445,239,0000000010111111110001010001110001011000001101000001010001010000110010101011111010001000100010111000000000111011111110101001011000100000011010010110100100100100001010101001101000000101010011011011000001000001010000011001000010101000010011111000010111000111,1000000010111111110001111001110001011000011001000001110001011000110010101111011010001000101010010000010000111011111110101011011000100100111000010110110000100100000000101001110000000101010011010011010000000001010000011001110110101000010010101100010111010011,aruco_011,aruco_016
546,431,34.0,408,448,406,289,0000100010110011010101011011111011111001110111011000110111010000111101101000010000111110100001100101110001111011111110010001111010010000111001010100000001000100001001100000111000100111100000100111111100110101000010111001000110100011110010111110011110100111,0000000010111111000101010011111011111101110001010000110111110010111101101000010000111110100001000101110001111011111110100011101010010000111001010100000000000110001001101100111000100111100010000111101001010000001110111001010010100011110011111110011111100111,aruco_011,aruco_016
333,146,35.0,109,470,286,444,0000000011101011011100011011101001111101001010000001110010111000010000011111100100001000100000000100010100101110010111100010000110110100001111011011100111100000000110111101101000100100101011011011101001111010010110011110100010101010110011101010111110000101,0000000011101011111100011011110001111101001010010101110010111000010010011010100000001000110000000100010100101110110111110010000110110100011001011001000111100000000111111000110000010110101001001011101001011110010110010110100010101001110011001010110110010101,aruco_011,aruco_016
411,246,35.0,392,527,439,334,1100000011111001011000010011100011111111010000010001010111010010011000000110000100000100100000011101000000101110010111000000001110100010011101011001000001100010001110100110111000010100100011010111101001011111001110001110010110101001010010100010111100100001,1000000011101001010000010011000011111111010000010101010111110000111000000110001010000000100001010001000000111110011110001010011110100110001101011001000001100000001010100010111000010110000011010011101001011111001110001100010110101010010011101010111110100001,aruco_011,aruco_016
420,285,37.0,118,448,279,432,0100000100110011011110010011111000111001001000001010100010111000011000011100011001101100011000001011010100011110111110100011110111101001010101111001100001101110100000110001011000100110111011101010001100111010110000011001110010101011100011110110111110010001,0100000000110011011100010111110100111011001000001111110010111000011000011010011000101100011000001010010100111110111110100011110111100010110001111001100001101010000000110011111000000101011001100000001100110110110000011001110010101101110011110110010110010001,aruco_011,aruco_016
226,6,39.0,134,310,219,364,0000110101100111001010000110010111010010101000010110111011001100101010111111000010100110000001110110000000100000100111111011010100111101010010101101000010001001110000110000001111001101001000101000011010100101000110011011110100001000000010000110101101011101,0000110101100011011010000110110111000010101100010010111011001100101011101111000010110110001101101100000000100010000111011000011100111101010000001001000110101001110100010010001101001001001000101000011010100101000110011011010100100000000100111010101101011101,aruco_011,aruco_016
295,43,39.0,118,294,204,366,1111000111100010010100010100011011110101000110010100011110100010111011000010001011100111010010001001110110001111001001100111000100010011111101000011111001001010000001100011000010001000101000000011111010010110010000111000110010100011100111011110001100010001,1011000111100011010100110101011000110101001011000000001110100010101110000010001011100111011010001001110110000101001001110111100000010011111101101010111001001010010011110011000010001000101001100010111010000011011000011000110011100011100111011000001101010001,aruco_011,aruco_016
163,8,40.0,182,557,415,129,0100000010011111000100110011001011111111010101010101010111001000111000101011010001000000100010010001010100111100011110111011011110100000111011001001110000000000001000100010100000110101000001000011011001110110000100001001110100101000110011111110010100110111,1000000001111011010100100011000011110111000100010101010110011000111000101111010000000000100010111001010100111110011110110001011110100010110011011001000000100000001001101001100000110101001000000011001001110100001100001011110000101010110011111110010110110111,aruco_011,aruco_016
336,140,41.0,392,527,438,335,0000001111111001101000010011100001111111010010010100010110100010011110001010001100100111010000101001000101101110010111100011010110010110101111010011010001100110000001100011011000000110101000010111101001100111001010111110000000101010010011011110110100010101,0100000011100001111000010011100011111101010010010100010110100010011110000010000101001110110000101001000000101110000110000011000110110010111111010001000001100100000001110111111000000110101010010011101001011111001010011000000000101010010011111110110100100101,aruco_011,aruco_016
379,522,41.0,130,114,297,129,1000000000111111110000110001110001011000011000000001010101001000110010001011011011001000100000110000000000111011110110110001011000100010010010010100000100000100000010101101000000100111011011000011111000000001000000001001010010100010010100110000010111000111,0000000000111111110000111001110001011010001101000001010100011000110010101110101011001000111010111000000000111011111110111001010000100000010000011100110000100100000001111100101000000111011001000011011000000011011000001001010010101010010100110000010111010111,aruco_011,aruco_016
399,210,41.0,286,460,357,354,0101100110010011010100011011101110101101011000010011101001110111111000001011010001001100000000011101001001100110110110001110100111100100101100110011010110110111001010110001010101011110011010111111010001101111000111110100010110110101001100100110111100110000,0101100110110011010100111011101110111111001001010011001011110111111010111011110011001100000101011100001001100110110100101100100111110100101100111011010110100011001110000101000101010110011010110101110001101111000111110100010110110001001010101111001100100100,aruco_011,aruco_016
453,235,41.0,90,174,132,325,0000000011111011110000010011110001011010011101000001010011010000110000101010011010010000101010110000000100111011110110101000010010100100001011011111000000000100001011101000101000010111011001010011101001010000011100011111000110101011010011111000010111000111,0100000011101011110000110011110001111010001000000101010010010000111010111011111010000000110010110000000100111110110110100010010010100110001011010111010000100000001000111000101000110111011001011011101001011101011100011011010010101001010011011100011111000111,aruco_011,aruco_016
485,339,41.0,371,510,418,335,0101000111010011110001010010110001110110100010000101011110011010010100001110001110100100110011010001110110101101000110110010010000010000111011110110001111010010001001111011111011001100100001100111101001110110011110010010100011101000010011011100111110110001,0011000111011001110001010011110011110110100110000100011110111000010100001110001110101101110011000100100110101101011110110110010010010000111101100110000011000110011101101011111000001100100001000111101011100110001110011010100011101000010001011100111111110111,aruco_011,aruco_016
520,467,41.0,164,99,140,251,1100000011111011010001111011101001111100001101000001110110010000110000001010111011011000101010010000110000111011111110101001001010100000101011010111110000100000001010111110100000110101010011000011011001011011010100001011010110101001010111111000010111000011,0100000011111111010101111011101001111000011101000001010111011000111000101110111011011000111010110000110100111011011110110001001010100000011011010111000001100000000010110010100000100100001001000011111001001011010100011001000010101011110111111000011110000111,aruco_011,aruco_016
182,111,42.0,467,161,430,128,1000000000101001010101011001110001011101011110000001010110000000110010001010101000010001111000111001000100101110010110111111000110100010100000000001010000000110011010101001010000001111011000000011110001111000011010011111100101101010010000101010000101000001,1000000001100011000100011001110001011101011000000001000000011000110010101011001000010000101000011101000100101111010110101011000110100010100000010001000000100110000000101001010000000111011000000011000000110000011010001011100110101010010001101110010110000001,aruco_011,aruco_016
340,158,42.0,247,311,269,307,0101100010101001011100101000001001110100101001011101101001111011000101011100100101100011001111110100110110001101111110110110100001010000111011101100101101110110010111111001100000011100111001010111100000111110010000100011110101101100110011111101000111110111,0101100010101011000110101000111000110100101101010001100001111011000101011100100101000011011111010101111111000101111100111000000001010010111011001110101101110100111101111011100010000100110101011111101000111110000000100011110101101100110010111111000111110110,aruco_011,aruco_016
168,496,44.0,203,37,365,125,0000000000101111110000011001110001011000011000000101110101001000110010101011011011000000100000111000000000011011111110110011010000100010000010010100100100000100001011100000000000100111011000000011111000100001011000001001010010100010010000101000010111000111,0000000000100111110000110001110001011000001000000101010100011000110010001010111000000000111000011000000100111011011110100011010010100010110000011001000100000100000011101010000000000111011001000011000000100000011000001011100000101010010101101000010111010111,aruco_011,aruco_016
256,45,44.0,523,360,413,198,0100111010000001001100011001111111011111101000110101110110001000110101000010110001100111010010101101010011111010111110100010110110110100011011110101001110100110001011101001111000000110011000111111111100111101010011101111011001100011110000001110010100101101,0000111010000001001100001001110101011111010000110101110100000000110011010010100000100110010110101101000011111010110110110010110110111100000111110011011101100110000011101000111000000110111000111011101000111001001011101111001000100010110001001111010100011101,aruco_011,aruco_016
303,498,44.0,428,108,272,455,1000000011110111010000010011111001111100001101000001010110110000110010001010001000000000101010111000100000111011110110100001010000100110101011010110010101100000000011101110111000010110011011011011000001000000011000011011010010001011010111110000011111000111,0000000000111111010000011001110001011000001101000101110100011000110010001110001010001000110010111000000000111011111110100001011000100110100000010110110000100100000001111110111000000111011011000011001000100011011000011011010010101010010111110000010111010111,aruco_011,aruco_016
449,289,44.0,152,174,159,294,0100110010100111111001100111101001101000001011000010100000111010110011101001001000110110111000100000110010111011110111011000111011110111011110110111000110100000101101111100001100110110101010101011101000010000011101001111110000101011011011110010111111001011,0100110010110111011001110111101001100001000011010110010010011010111000101001000001111110011000111010110010110011111111010000111011110110011110010101000110101000001111000100001000110110100010111001101000010001011101101111110000101011010011100010110111101011,aruco_011,aruco_016
470,288,44.0,119,448,278,430,0000110010010011011100000011100001111011011100000111010101011100011011101111011100100010011000000010000100111110010110110011110111101011010000011001000101100010100001110001101000000101010000100000001001010011010010111001110010101010110011111110010000000011,0000110000100011011101000011101101101011011100000111010001011100111011101011011100101110010000001010000000110111010110110011011111101000101100010011100011100010100000100001110100000101010000100000001001111011010010111001000010101010110110111110011000010111,aruco_011,aruco_016
297,20,45.0,232,112,163,231,0101010101110000011100000110010011100110110101010100001101000001100110101010000010000100100111001111111010100001010001110111001010010100011001001100101001101100010101001010100011001000001001101101101010010000000000011011010001011000100111001000101111110010,1101011111110000011100000010010111101110011101000000001101001001110100001010000010000110101111001011111010100111010001010110000110010100010001001100001101100100010110011110100001001010001011101101101010011110001000011011000001011001100110101000100011110000,aruco_011,aruco_016
242,103,46.0,109,471,286,444,1000001111111011100100110011101001101101001010001001110011000010010010111101101101111101100000001101010101101110010111101011000110110110001101010011100101100010000110111110110000010100101010011011101101011011010110101100000010101000110111100010111100000001,1000000111110011011100111011111001101101101011001001110011101010010001011001100100101110100000001001010101101110110111101011100110110100001001000010010110100110000110111111100000000100011010011111101100011010010110100100100010101000000111101010111100000000,aruco_011,aruco_016
275,517,46.0,46,426,204,154,0000000011110111110100111011101001011110001000000101110010010000111010001010101011000000111010111100000100111011111110111001011110100000101110010101010100000000001011100000011000010101000001011011011001111001011100011101110010101010110000110000110111000111,1000000001101111010100111011100001111100001000000001010110010000111010001011111010000000100010011001000000111011011110111001011010100010100001010101000001000000000011110010011000010101000001000011011001100010011100011001110110101010010111110100110111000111,aruco_011,aruco_016
308,114,46.0,122,147,129,302,0000000000101101100100011000110011010101001000000001110010001000111010111011011001000001011000110100000100111100110110111001011110100010100010111001100000000011011011111001010010001101010000001011111011111000011110001001110110101000010000100010000100000010,0000000000111011110100111001100001010101001000000001110000011000111010111010011001000000111000110000000100111100010110111011010110000010100000011001000000000100001001101001010000010111011000000111111000111000011010001101110111101010010000110110010110000111,aruco_011,aruco_016
102,340,47.0,467,161,437,427,0000000000101111110100011000110001011101011000000001011111000000111010001010111000000001000000111000000100111000110110111101010110100010100010000011010100000110011011101101001000101111010000010011010001101000000110001101000110101010010000101010010100000100,0000000000100111010100111001110001011101001010000001110010000000110010001010111000100100101000101101000100111110110110111001011110110010100010011011000000100110000000101101010000000111010000010011010000111000011010001101000110101000010100100010010110000101,aruco_011,aruco_016
533,426,47.0,365,115,149,356,0000100001101011010100111011110010111011011111000101010010001000110010111101110011010010110011011000000100111011110110100001011010110010101001010111100000001100000111101110100000110111011011001001111000011011011110101010110000101011010111101010010101110111,1000000011101011010100111011111001111011011100000101010010001000110010101111111011010000100011011000100100111011110110100001010010110110011111010101100001000100000010101011100000010111011001001011101001111011010100011011100010101011010110100010011110010011,aruco_011,aruco_016
264,7,48.0,480,389,408,228,0010110011001101000100010101110001011001001001100101100000100111111011111001101000000111010100101100001101011010100110110011100111110100101100010011001000000110101011100001111001000111111000101011110011100000111110111000111011110110111000111110011101000011,0010100001000101100100000101010001010101001001100101110010000111111011100000001000000111010100000000001100010001100110110001110111110100001100100011001010000010111001110001001011000111101001001001110010100000111110111100111111010111111000110111001101010011,aruco_011,aruco_016
360,381,48.0,477,463,263,147,1000000011111011110000110011110001011101010100000001110100010000111010001010001000000000111010110001010100101111011110000000001110100010111011010011110000000100000010100011111000000111010001010011101001011111011000011101110010101011010111111010010101000011,1000000011111011010000010011110001111111001101000001110010010000111000101011001000010000111010111001010100101011111110111000011110100100111011010111000100000000000011110100111000010101010011010011101001011001010100001101100100101001010111111110010110100011,aruco_011,aruco_016
508,318,48.0,179,113,142,256,1100000011111111010101110011101001111111011001000001010111111000010000101011110110001000111011111001110100111011111110101000001110100000111111010011010111000100001101111011110000010100010000010111101001010101000000001111010110101000010111110110111111100011,1100000011111011000101110011101001111011010111010101010010110000010010001011110100001000110011011001100100101011010110111000011010100100011101010010010111000110001111101010100000100110010000010111101001100101000110001111000000101000010011111110111101110101,aruco_011,aruco_016
248,29,49.0,150,173,159,295,0001100100100001011100000110010010011001101000010111101111101110111011000011001010101100010101011111001010000001100111110111000001110100100110100110010010001011111001110001000001011100011001100000110010000101010110011000110110110010001001110111111101111011,0001010100110001010100010100011010011011001001000101100101101111111011000011001010001100010101010111001001010000110101110111010011110100011100000011010010001011111001010011100011011100011001100001010110000101010110011000110111110010011000010111001001011000,aruco_011,aruco_016
322,136,49.0,100,401,246,418,1000111000011101101111011101110111011100010000110011010011011110101111100101010011010011101011110000101011010111110110001000000001000101100100011100111100111100001000111100000101110001111111111110010001001100000111100000001111110110100001101000010110100111,0001111000110001101011011101110111011100000000110011011001010111101111100101010111111011101011110010111011110110101100001010110000100001100100011100110100111101001011101100100101101101111111110010011001001010000011100000001111100110100011100101010010100110,aruco_011,aruco_016
439,249,50.0,129,468,294,435,0000100010111011010000110011101001111011101011000111110011110000010010001101101011101100100000101100000100111110110110100011110111110100001101010011110010001010000010101000101000010100111010110011100000100111011010011111010010100011010010100110111100000101,0000100010110011010000110011101000111101111011000011000111110110110000001010101001101110100000101110010101101110110111100010110111110100111110110011100010001110000010101000111000010110101010101000100001100111101111111100010010100011011010100110011001000101,aruco_011,aruco_016
237,84,51.0,117,448,279,431,1100000011010011111100111001010101111000001001111010010010110011100000001010101000000000011000000000010000100111100111000011000110011101110101011011010010110110000111111111101001001110111001101110001010000101111010011111001110011011100011010111001111110001,0111001011111001111100111000010101011000001000010010010110110001100000001010101000100000011011000000110110110111101101100011010111011111111101111111010010010100000111111111101011101110101001101110000000001100011000001011011111111011100001010000001110110001,aruco_011,aruco_016
252,65,51.0,297,350,307,304,0000111100101001011001010010100011111001011110011000011101000110010111001000000100011110011010101101000001101000001100000111100110100010110100111000010101111110000011100111000101101100101010000101101101100010000010111011000000100010111110101010100100010001,1001100100101000111001000010100011111001111010001000011101100010011111000001010110011110111001101101000001001000000100000100101110100010110101011000010101110111010011100111001001101010100010010001111111110010000010111000000010010010110110101011000100100000,aruco_011,aruco_016
468,331,51.0,373,107,149,354,0100000010101111110001111011101011111001101110000101010010001000011110011001011101001100101011111000000000111111011111001010011110100000001111011000000111000000001111110001100000110101010010001011111000111100001110101001110000101001010110101010010101110001,1100000010101111110101110011101011111001000110010101010010000000011110011011010101000000110011110101000100111111011110110010011010100000111111010000000110000000000101100000101000010101010000010111111000011100000010001100110000101000110111110110111100110001,aruco_011,aruco_016
545,435,51.0,305,301,289,276,0000011001101000100100101100110100111100110100100011100000010101000111110111111110101010010100011001000100100000100101100010000011101111101000011010100101101111100001001111101001111110111101100100000000000100011000010101101000001011001101001100111011010001,1100010001101000000110111100111100011110010000100001101000010100000011110110110110001110010100011001000100100000100100000100101011001111101100011010110001101110110100001010101001111110111101100101000011001110011100010100111110111111001101001100101011010100,aruco_011,aruco_016
343,116,52.0,467,161,417,444,1000001000111011100000010001110011001001010000010001110011010000100010011110011010010000101000010000000100111011110110011000011110100110000000011101010100100100000000111111111000100101011011010011101001001100000110011101100110101000010101101110010110110011,1000001000101001100100011001110011001001010000010001110001010000110010101010000000000000100001010001000100110011110110101000011110000100100010011101011000100100000001111010000000100110010011011111111000011000001000001000000111101000010101001010000110110010,aruco_011,aruco_016
405,237,52.0,187,222,199,298,0111000111110011110110101101001000100101001000010111000011111011110000001111101011110101110001010011110010100011100010110110000010111100101110010111011100111011001011011010100010010000101011011100100001101110000111010000011010111110101010101111101010010100,0111110111110011010110111111001000100101001001100101010011111011110000011111101011111001110010110011111011100001000010110110010010011100101110001111010101111010011011001010101011011100011011010100100001101010000101010010010111101101110100101110111010010101,aruco_011,aruco_016
402,217,53.0,137,137,432,164,0100000011111111010001010011100011111101011010010001110110110000011000011010011100001000110011110001100000111111011110000011010010100010111001010111100001000000001011110101111000110111000010001011111001011101001100011001000110101001010011110110011110100101,0000000010101011010100010011110011111110001100010101010110110000111010001010001010011000110011110000000000101011010110100011000110100000111001010101100000000000001001100000111000010111001001000011111001111101011000011011000010101011110011111100010110000111,aruco_011,aruco_016
144,487,54.0,110,150,149,218,0000000110111011000000111011110011011011001001010001110010011000111000111110110011000000110000111101010100111010110110011010010110000110001011010101000000000000001011101001110000010111001000001011111001111101011100001101110000101011110011100110010100100011,1100000010111011010000111011111011111111000001010101110111001000111000001110110001000000111001010100010100111010010110101000011010010110101001010001000000000100000011100001110000010101010001010111011001110110000100001111010010101010110011101110010110110111,aruco_011,aruco_016
374,200,54.0,499,384,416,218,0001100001100110110011110110100111000001100001000011111111011101110011100010101010010110101101100011001110111001011100011101011011001001001100001000010000001001010100001010011111101001000000100001101011000000001110111010010010011000001100101011001111101110,0001100011100110110011101011101111000000000011010111011101001101110011101010101011010110101101110011101110111001011101001100111001000001001100001000010000010000101010001110010101111101010111110001001011000000001110110110001011110001001100101011011011101111,aruco_011,aruco_016
149,42,55.0,143,358,439,336,1100001110011001100100011101111001001111000111000000010111100010010000010011101000101101010000001101010101101010100011000011000110010110111001111001010100001110000011111110101000100110101010010111111000101001000010001100011000101011110011001010011100010101,0100000111011001101100010001111001011111000111000100010111100000110000001011001001000101010010101001110100101000110111100011000110010110011011011011111101100110000001111011101000100100101010011011101000000010010010001010011010101010100011011110111100010001,aruco_011,aruco_016
367,168,55.0,505,257,358,161,0101110010110001010110011100111011110011001101110111011011101000100010000101000011000100101101000000111001110000110100111100111010110110011110001101000100101011011110011000101011011100011000001101111000100100000010101010010101110001111000001011000111110100,0111010010111000010100011100101010010011001111101101011001101001100110000101000111000101100010000001111001110100111100111100110110110111011011001000101101101011010110011010101011001100011010001001110000000011000001001111010101110001110010011001000011010100,aruco_011,aruco_016
273,74,56.0,354,552,431,363,0000000001100011011000000110110010101111101110111110100100000101010110101110000010110100010111100110011110000000001100010101000001111110010011001110010001110110110101011010001001001011001011101101101111100001101000011011100000010010111010111011100001111110,0000000001100010111001010010110011111011101110110010010100000001000110100010001010010100011101100101000100100000001100110001011010111110010001001010010000100111010001001010001001000001001011000011101011100000101010011011100000011000110100111011000101111110,aruco_011,aruco_016
330,150,56.0,247,463,344,376,0000000100110000001110000011010010110111001111111101000100011010000111010001001111011110100011011001110001100001110100110111000000101010011111001100001001111110110100001110100011100010111111001101100100110010001000101011000100101001011010101101010111111011,0000100100110000001100001111000011100010001100111101000100011010000111001001000011101011101011010001110001100001010000111111100011100010111001001100011001100001110100101011100001100000011111000101101100100100000000101011110111101001011010101101100110111011,aruco_011,aruco_016
408,215,56.0,274,498,373,377,0110011111101100000111010000110000101100011100100000010101010111100100101011010100110001111011010011110010010001011000101101011001001011110100001000101101101110000000001010010110001001110001000101100011110010100000011011000101101100110100001000001011100111,0110011111110010000011010010110001110100010011110000011101010101000001101010010010111101111101100001110110010001011000000101011001001011110110011001001001110000000000011010000110001001100001000101100111110010100010011011000100111100110100000100100010010110,aruco_011,aruco_016
551,415,56.0,419,179,348,162,1100001110111111100100010011110001011111011001000001110111100010111100011000001011000101111001101100110000101110011110010011000110110010111111010010010000000010001011100010100000100111100010001111101000101000010110001010010100101010110010111010010100000111,0100001010101111100000011011110001111101010000010001110110110010011110111111000100000100111000101100000000101110111110010011000110110010001101010111010101000010001001111000111000100111100010011111101001111000011000001000000000101010010011101010111110100111,aruco_011,aruco_016
32,87,58.0,411,455,396,139,0000111110101111000101011011110011111001110111011000011011001000110110011101110110100110001011100001110101111000111111010010111110100000111001010000100110000110000100101100101101100011101010100101101100000101001000101000000010100010100110111110010101100001,1000001110001111100101011011110001111001010110000100010001111000010010111101110010111010000011100001110101111010011111010011011010100010011101011000000101000110000001101100001000100110101010000111101100110000000000101000001000101010110110100110010110000001,aruco_011,aruco_016
314,518,58.0,173,100,398,308,1100000010101111110101011011110011111001001111010100110011100000010010011011110000011000110011001101110000111011111110010000001110100010111111010011010101100000000011101110111000100100100011010011101000001100000000001110010000101011110110100010011100110101,1100000011101011100100110011110001111011001111000001110110101010010100111011101100001000111010001000010100101111111110010010000110110000111001011011010101100100000010101100100000100111101010010011101000000101011000001111010000101000110110100110110100010111,aruco_011,aruco_016
352,167,58.0,301,439,407,290,1111011110101000111110011010010111010100001100001000000110110010100111001010000011100001111001011001100110101011010000111001100000010011101100110011011001101100000011001011010010011110100101010111110000101010011100001011010101100000110101001001110110110011,0111011111001000111011011010010100010100001010011000000111110110110101011010110010011111111001010011100111101001000001111000101000010010101100110011011101111000000011001011010011001000100101010101100000101110000110011011101011000010011101101101111110110011,aruco_011,aruco_016
216,106,59.0,122,148,419,130,0011000010111111000001000011110011111101001110010000110010001000111000101110010000100100110000011100000100111010010010111101010110010100011001010001000000000000011001100001010000011111001000001011011001111000011110011101100110101011010011110110010100000101,0000000000111111010100111011110001010101001100000000010110011000110010101110011000000000111001010101000100111100011110111011010110000000110010011001000000000000001001101001011000010101001000001010000001110100010110011011110110101010110001111010010110000101,aruco_011,aruco_016
376,203,59.0,204,245,288,361,1000001101101111110001111110000110101001110110010110011110000101111011001010111100010010101101011111000110111101001100001100011110001011100001100010110000011100010110100110010101101011000001110100011111001010001111010110001010111010000111100110010001110010,0010100101101111111001011110001110101000110010011100111110000101011001001010110101011010110001010010000000011100001111101110100100001000100000110010110100011000010010110111010101111111001011110100010111001110001111010100000000111110000110100010011001111000,aruco_011,aruco_016
219,66,61.0,244,394,292,216,1101111000110111000100101100110000001011011000000001101000011101100010101001101000000111011000101110001101110010100110111111111111100100101100001011000000001111101011011100101001111111010010001001000000011001011110000110111111111001011001100111001011010000,0011100010100101000101001001010001001111001010000101110000001101111010101001101000000111011100100100001001110100110100111101111111100100001110001011000000010011111001111000001011011100011000001011010000011000011110100110100111111010011000110011001000010000,aruco_011,aruco_016
265,108,62.0,209,215,205,283,1011001000000011100100111001010001001101010010001001101101100111110010001010101000000101101100101101001101111011111010011101100111110000101100000001001100000110111010111101101001001110110100000010100000011000111010011110111011110011111000100110011101000000,0010001000000011110100011001010001001100010010011100101100100110100111011000101000000101101100111101101101100011000011010111100110110010101110001001001101101100011010101001000011001110111101000111100100111100011110001011101111111011111000101000011110110100,aruco_011,aruco_016
355,81,62.0,437,425,406,268,1001110010101110001110101011001000100101000000010100111000011011110101111100110101000011100111010001110111001111011110100000100011000000111111111100100001100000000111111111010010001110000001011111100001011110001000100010110011101101110111100100110010100010,1111111000011110000101111000001000110100000100001000110000011001110101111100110101000011101110000001011101111111111000100001001110000000110011011100101001101000000111011110110010001001010001011111100000011010011000100110011000111001110111110100110110000011,aruco_011,aruco_016
384,190,63.0,371,108,224,157,1111000111111101110001010010001011100101010101010000011011010000011100001011010010101101110011001100010010111101000000110000011010000110001011001101011101100001000010100010111001011101000010011111101011011100000100010101010001101001010111010000100100000100,1111001111111101111001010010000011010010000111010100111110010001111100001110100010111000110011000100010010101001100001100101011010000110001001011101101001110001010011110110101011111101000011011011101011111010011110010011101001001001010111100000100101010000,aruco_011,aruco_016
321,145,64.0,323,384,396,160,1000001101011001110111000101010110001100111010110000100001011100101111101111010010011000111111011101111011000011110010111101101001001110110000001111001100110000111000110101000000100001000100111100011001011001100111001000101111110100100000110000000110010000,1000001101110101110011000101010110001010100010110000110010010100001110110001010010001010111111000100001011000011011110101000111101011110000001011111001100110000001011110001101100100101000100111100011011111101100111110010001111110110000001011000000010110110,aruco_011,aruco_016
387,258,64.0,207,288,246,418,1100000111111000001000010010101011011011111101100110110010010001000000100111010010010010110111101000111000011001111001110101011001101110011001001110010000100000110100010111101001110001000111001000100010010000011101101010110111011101011110000101100111011010,1100001110111010011001001010001011111111011001110010010001111001100000010011010011000010111011111000111000010001111101011101011001101110101001001100000010100100000110010110101001111000010111001110111000010000100000101010011100001001001110000101100111110010,aruco_011,aruco_016
407,2,64.0,423,143,189,152,0100100011101011110001111011110011111111111110001001010010001000010011101010111100110110100000100101010101111110011110010000110110110000111011011011010000000100000000111110110000000111001010000011101001101000011110111111100110100001110010111110010100010111,1000000101101011110001010010110011111101011110011100110101000000010011010000010100010010100000000101000101101110011110000010001110100110110011011001010000000100000001111111110000100111100000010001101101100010000010101111000000101000110110010110010100110011,aruco_011,aruco_016
526,388,64.0,226,111,162,230,0000101011101001000101010011101011011101110111011000011111010000011011001110001010111010011001101101010101101010011110010100001010111010111000011000000001001000011101100000101000001101100000110011100101000100000110111000000100100011110000100010010110100001,0000110010100001100101110111100011111101111101011000110111010100010100001011010110110001010001000101010101111010011111000000000010111000010010111000000101001100001000101001001000000101000100110001100000100100000010011101000100100000110010111010010111100001,aruco_011,aruco_016
222,97,65.0,388,317,195,220,0010101010000001001100001000110001011111111010101111000101111010010111111001101000011011110000111101100101001101000010000111100111110010101101000011011101100111100100101011110000000000111101100111100110111001100011101010001001101110011100101110001110111110,0010100010000111010111110001110000011101000010001111001101100110110011111000101100011011010000110001000100001101000110100111000111101011101111010011111101100111000011101000110000000000111100100010010110111011110011111001000001101110000101111010011100001110,aruco_011,aruco_016
539,507,65.0,426,204,376,262,0100101111100011101100110011111011111011010101010000010010100000110000111000100110100000011011000000110100101011110111101010100010010100011001011111000011100110000110101000100000010110010011101111111000101110001100101111010100100001110010111010111101111101,0000100011111101011101010011111011111011011101010000010010111000110011001100010101100010111010110100010100111111111111101000111110000010111011010111100011100110000100111011001000000110010011101111101000111110000110101011000010100000010110111010111100100101,aruco_011,aruco_016
155,104,66.0,62,210,200,214,1100001011011001101000010011101001001101010111010001010111001000110000001110000111111101000010001101010000100110010110000000001110110100011001001111101011100110000100110110100000011110000010011011101011001011001110001110011101101001110100010010100110010000,0100011000011001100101011111101011001111010010110001110011101000000000000010000011011110100010101100010001000110010110001000011111111100001000001111011111111110000100011111100000000100001110011100001001001011000110001110001101101100011100010111100001110000,aruco_011,aruco_016
89,77,67.0,358,348,210,312,0100010001111000010110100110001000000111001110100111000101010100110001011010001001011001110010010111000100000111000100101001000111011010110000011011111000100000100000001011100000010001001101010000100001100010010110011011000101101000111100101011110000010011,1110010110011110000111100010001000110101001111000111000101000100010001010011011001011011100100000101001100000010011100000011000111111010111010001001010000010010100101001011000000000001010101000010000000100010010000001011000000011000011100111111110010010001,aruco_011,aruco_016
287,117,67.0,324,384,289,173,1000001001001001101101001110100100101111101110100001010011000100110100010110101100010100010100111111000000001110100111010100110111110100001111010011011111100110001111100101111000111110101010011111101010111101110110010100111000001110110000001111111000100001,1000001001101001101100000111110100001001000010100001100000110100100110010110101100000101010000101010000000000110100111011010010011110110001101010011100111110110100011111101011000000100111011011001101000001111111110010110101000001110000001000011111011000000,aruco_011,aruco_016
307,17,67.0,448,318,362,217,0000100001100111111000011110000011011011001000110110110010010101111011111011101010100100110101101000001100101001100111110100000010111100000100001110010110101011010111110000001001011100001001111000100010101000000111010110010000011010110101101011110111111010,0001100011000000111000010010100001011011101100010111010010000000101011110011001010000100111100101100000100100010001101100000010010111100011010011010010110101001001111110010001001011110001000011011111010100100010111010111010101011000110101111111101101011100,aruco_011,aruco_016
490,389,67.0,394,463,406,303,1000011001110011001101110111100011111111100010010001100101101110111000001110010000110100101001000111000011110010011110010001011101001000110110011101001010001000101100000111110100110001100011100101010001100110000100001011110000100010111010111110111010110011,0100010111110111000000110011101011111101100110000100110011000010111001101010010001100001001011000101010011111111011111110001000111001010111000010001000010001010001100100111111000000001100001100111110001000110001100001010110010100010100010110110111110111011,aruco_011,aruco_016
279,72,68.0,269,58,215,420,0000011011100001011101011111100110111111010010100101100111100101011110000010110000000100100011110110101100000000010111001010010111110100101111010001011111101110001110000101111000110110011110011101110001111110101111010010001001001100111010101011111000100101,0000001001101001111001011111101100101111110110100001100100010000010100010010100111011100100110101110110000000100110010001110010111110110001101010111011101101110100110101100111000111110011110011101111000111011111011000100111000101101011010001011111000100011,aruco_011,aruco_016
430,270,68.0,446,288,344,203,0000110100110000010000000110100011101111011000100010111110111100001010000110010001100011111001001010001000011010011111110110011101001010110101001001000001101100010001110001010000011110101101010010011010110110110001001110110111110110011100110111100110110110,1100110000010001010010100110100110101010001000001010001011111001011011001010010001100011011011011000000000011110001110111110010101101111110101001001001001101001110011110011010100011110101101100001001011000111100001100010110010110101010000110110000000110010,aruco_011,aruco_016
257,5,69.0,150,324,233,364,0001100001110111110010000111010001011010001010010111110011010101101010001110001010100000010100110010000110110010100111111010010011101111010010011101000110010000111001110101001111101101001010101001011011010101010100010101100111111010010001011010100110001110,0111111001110101110011100110100101010111101110000011110011011101011011001111111000100001011100100110000100110000000100111001011011100101010000011001000110010000101011010001101001100101000000101001000001010100010100110011101100111000010001111010100000011101,aruco_011,aruco_016
262,52,69.0,176,465,164,246,1111001000010011011101101100101101101101111001001111101100111011010100001110100001100001001010111110011100001000001010110110100111101000100011000000001111000110110111111001110000001111011100100110100000111001111001000111111010101101001010111110110101101100,0110001001010111100111111000110101101101101000001011001101110010010001001010101000100011001000110010000100101000001111101111000111101000100111010011011101100010000111111001110000100101010101110000000100111000011001001111001010101100001011111010100100001000,aruco_011,aruco_016
403,242,69.0,247,462,344,379,0101110110101011011010110010101111110011001100001000000111111010111011000011000111001010101011010001111000001111011111001010000001100010110101001100101101101000110110110010000010001100101001000010101101100110000000101011010000100000100110111000110111110101,1101111100101011011010110110100110110010000000001000011111010111001110001001000111100000101001010000110000101111010101000011000000111001010001011100100111111000010010010010000100011100101101000011001111110111000100101001010000000000011010111011010010010111,aruco_011,aruco_016
511,404,69.0,99,397,313,411,0011000111100101101000011010001011010101111110001101111111010010111111101000111100110001110010001101000000111111000010111011000110000000101101110010000110010101010110100100000000111111001000110011101111111001010100110101000001101010010100100010111110010111,1111000111101111100000011011010011110101101000011100110110000010111010111100111010100101110001011101000000101111110011110001000110000100001111100001000111100000001011110110000000101101001000110111111111110000011100111101110101100010010101110010011111000011,aruco_011,aruco_016
3,57,70.0,249,535,269,223,1000110100100011010100101101101010100111001000000101100100001110110011101111100001100110000000101101000101100100110010110110100111110000111110100011010100101110110000001000000000011100111000010101110100111101011010001100110010101101111110111110011000100000,0100110110100011110100101101011011100101011000011101101001101110110001001101000001100110100001111010001001010110110110011110100111110101101110101001000100000111111000011100000100011100010100001101111100011101101001100110010110100101111010110110010010100111,aruco_011,aruco_016
152,62,70.0,287,500,366,300,0000010011101101010100010000110001011101011000000011100100000111110011001010001000100101111100001110000100011011101110110011100111110010111100111011010000100111110011111000001000001111100000000011110011100000111110111001000111100010110001101010001101010100,0010110000001101000100011000010000011101001000000101100010000111101011111111011000000001011000100000000100010000101110110111000011110010111110111001101000000001111001010001001001011101100100000001110011110000111111110111110110100110110000110110101001000000,aruco_011,aruco_016
233,68,70.0,295,157,333,150,0110110101111111110011101110000011100111011100110100010110000100111011000010010001000110010001101001000000011100111010110000011111001110100010011001110000000000001011010011011000111001000110011000001001111100001111111101110010110100111110100110010100000001,0010110001111111110011101011000011110001011111010110110111000100110001001010111000000110011011010100010100011101001111110001011011111010000000010011100100100000100011100011001000110101000100000000011001101110110110111011110010010110001110101010010100000001,aruco_011,aruco_016
361,202,70.0,64,382,224,428,0010011001001011100011111000100001000101001100000001011111110111110011011111101000100111011000000000000101001100001101101001101111100010100000110011111110111000000010011011111111011101100001010001100011100010100110010110011000100000011100101110100111010100,0011001001010000100010111011110101000001000001000101010101110101110011101011101000000111001000000001001100111001000101010001111111100000101100010011001110110000000010001010101111111100100001010001100000000101000110110111011011011010011100101011011011010101,aruco_011,aruco_016
375,121,70.0,216,128,164,246,1110011011010111001000101011101101001101111100011101010001011110110001011110110001100011100000011110010100110110011111100001001111101100110010000011111010100000000110001010100100011101100101110000000000101010001110001110011001101000011100101111110001010101,0100110010000011011000111001001101101100111101011101000101010110110001011010100001101111100010111010011100100100011111000110000111001000110010000011011111100100000110101000100100000101010101110111100100111111001101101111010001101001011010111110101110100100,aruco_011,aruco_016
189,516,71.0,206,82,219,219,1000000100101001011100011011000111111100000100111110010011000000011110001010000101101000110010001001010010001110110111000000100100111101110011110100110111110100000110110111000100000000001011111110111101000111100101001001000000101100100111000110110100001000,0000000101101011111001011011110111111101100010011110110010001000011110001110100101111000111011000101000000001110010111010010000110001000110001110001100100100000001001111110000000000111000000110110101101010011100011001111000000101110110011100110110100100101,aruco_011,aruco_016
251,115,71.0,333,264,216,317,1010000000111110010011100100000001110010001100100111001100110101011010001110011000100000111010011011100110010011001000100001011101101010110000011011111010010001100001000011101110110001000101100010001001100000110000011011010001111010101111111100000010011111,1111010001111110010111100010000011100100001110010011000100001101000000001110011001010000111110011111101100010111001000000001011101101011110011011001100000010101100101001010100111000011000101000010011001111000110000000111100100011101001110001001000000110111,aruco_011,aruco_016
344,132,71.0,207,289,415,404,0000010110111000011010110010001010100010101101111100001101110100010100110111000011001010100011010011110000100001001010110110000001001010011010000110111111100001110101001001100000011000001111010111101110110101010001000011110001000011011111111010110011101011,0001010100111011001010110001001010010110101100011101100101011110100110110111000011011010100011010001100000100001011000110011000000101000111010001100101101111001010100101000000011010100001101000101001101110000010100000011110110101010011011111101100011110010,aruco_011,aruco_016
542,393,71.0,211,125,162,245,0000000111011011001001111011110001111111100010010100110110100010110010001010100000100011010000110101110001101100110111010010111110100110111111001111100100000010000010111010001000010100101011000111101101111011001110111110000101100010010110101110111110100101,0000010111100011101000011011100011011101001100001100110111100110110010011010101000100011100000000101010001101110110110110010010110001110111100010011000110001000001001101100011000010001101011111111101001111000011111111110010000100010010001100110111110011011,aruco_011,aruco_016
181,350,72.0,392,160,280,168,1000001001101001101100001001101000001101110010000001110111101010010110000100110111101101000000001101000001101110110111001010010111110110001101010110111111100110001111111011000000010100111010011111111000011011100110000100011110101110110001001011110100100000,1000001010111011111101111001000001111001101110000001010110001000010010101100110011110010000010010101100111101010110111001010010010111110001001010111100011100110001101101001000100111110011011111111111000100011000110101101111011101011010010011010110100100000,aruco_011,aruco_016
302,9,72.0,147,337,290,374,0010110100011011110010110111100011110001011001110000110010000100111001100011000010000110011011100110010000010101110010110010010010011100100010010111110110001000110001110001011000010101001100001001010001110101000110011001110010110110111010110110010001001101,0010010111111111010010100111000011110011001100110100100100000100111001000011011000000100010100100110000100110100010010110011010111000100011010010001110010000010100101100001011000010100011100010101000010110110110000011101010010011110011010011110010100100111,aruco_011,aruco_016
365,28,72.0,327,102,228,280,0101001110101111110111001011110001101111010011010000011001101010010110110101110110011110100011100000111001101000101100000010101001000111011011011100100101110111000001111100111011101101100010011101101001011000000010100110000010110111110010000011000110100100,0101000010101011111000111010100011101101011110001100011101100011010111011001110100011010100111000001011000101010001100000100100111110110111011011000000101110101110011101111101001001100100010011001101011111100000010100101100010010011110110101111000100110100,aruco_011,aruco_016
83,95,73.0,452,323,416,219,0100000001001110100010100110000001000010101100000111110010011000101100111111001010100000001111100100000010111001111111010001011001100100010011111100001011001000011000010010101111011101000001101001101010110001001110011011110000011000010000010111100111010101,0000100001101110111011100110100111100010101100010011111001001100100110101111001010110010101111110100000010010001011110011000011000101101000000111100010001101001010000010000001111101001010010101101000011100000001110011011010101001000010110000000000001111110,aruco_011,aruco_016
141,153,73.0,216,66,432,364,0011001001101110110011111011100001011100011010000001110111011001001110100010111010011000101100111001001000111010110000111010011110100111000011011101001100000000001010110100100001111101001011001011001011011000110110010101101011011100010000000001100110000110,1011001001000110110000110011010001000101110000000101110111001001111010100010111000110100100100101101000100111101011000010001011110100010000000010001011100000000001010100010001001001101000000010011100011101000000110010111011011011000010100001001110101001111,aruco_011,aruco_016
192,112,73.0,360,204,225,247,0011101001001101100100001001110000001101010100001001001100001111110011011010101000000101101000010011000100100011000000111011100111010010101100000011011000100101000000001010010001001111011101000001100111111000011110000011001101101000010101101000100010010100,1011101110101001100000000011010001001101000010011101100100101111110011111001101000011111111100110100000111100001010000111010100011110010001110011011011100110101111011001001000011001110011100010011110111110001011110110110100101100110010001111000100000010000,aruco_011,aruco_016
249,58,73.0,412,324,272,223,0000110100111111010010100110010011010001000011100010001000000100111011100110110010100010010001000010000101010001110110100111110011001110000010100111110000000000111011000001011010111101011101001000010011000100010110111001010011100110001001010010010001000001,0000110100111111010000101110000011010011011010010100101001001101101010101111011001100100010001011110000101010100110110111011010111101110010000111111100000000001111000010101000010111101001100001001011001011101100110011011110111100110011000011100000000010110,aruco_011,aruco_016
401,196,73.0,411,444,355,341,0111011100010111010110111101111100101100001001000111100011110011110000001111100001101001011011010011101010110101101110111011000000101011101000100111111101111011000011001001110110010000010001110100000001100111000101000010011010111001100110100111101011110000,1110110000110110010111111000111100010100001101000011011110110001100011001111111001100000011010010001101110110111001100101001011100101011110110101011111100111001000010011011100110110001010001110101010001101010011101000011011111111101100100111000100011110011,aruco_011,aruco_016
459,298,73.0,306,304,199,297,1110110111011011110100001010110010100100100000011100101001100010101110001110110100100100110110101100110111000111001011110010000100011111110111010100101101010110010111110110000110100101100010110110110100111110000011000110101110111100110011001100011001110100,1010110001001011110100001010010010101110100000111100101001110011100010111101100110100011000101000100111101000110101111110000100100111101110111111100100100010111011110011011101111000000101011111110100001001111010001100111100110110100100011011110001011110100,aruco_011,aruco_016
523,323,73.0,352,134,226,180,0000001101100011001100111011100110011011100000000111110011101010111101011010101000100001101001010111100111000010011111110001000101011000110100010000001000000000101100000011110100010000100101100100111001011110100110101000111000100000100111101110011000101011,1000101011000011100110010011100111001000110000011111110111001110101111011010000100100011101001111111000000000110011111010000001100011011110110011001101001000000101100010110011110000100100101100111011100110110100110111010111100101100110000101110011011110111,aruco_011,aruco_016
74,129,74.0,273,196,142,256,1010000101001101000000110011100011110111100100000100110010000010011100101010011110100111010011101101100000111011101110110001011010000010110111010100101001000010000101100011011000000001100000001111101000110000011010111001110000100010110111101110011101001001,1000100101101011000001110011100001111101000110011100010110000100011110001000011011111110000011101001000011111011101110000000111110000010110010010110110000101000000000100111011100100011100011111011101101000010001101111011000000100010010111100110110100000011,aruco_011,aruco_016
106,0,74.0,254,394,210,426,0010011000101001100100001000110000001101010110001011001100010110010011011010101000001011100000011111000100100001010110101111100111011010101100000011011000100111110011001011010000001111011101010000110111101010110110101011001101101010001101101010000000010000,1000001001101000100110100101110101011111000100001111001101110110011011010000101000111001101000010011000100101011100110011011000111110010100100000011001000001100111011001111010100001000111111100011110111111001010010011010001101001010100101101011011100011101,aruco_011,aruco_016
154,38,74.0,144,434,344,203,0011111000001011100100001000110001001100010000000000101011001111110011111111101000010001111110111111001100100001000001111011000111110010100110011001001000100101111001111000000001001111001100000001100010111000000110110001101111111010110000101100100010000110,1011111100101010111100101110000000111110010110010000100111001100101011111110001000011001111110000111010100100111011010011011000110010000110000001001111011101100111101010000000011011111001100000001110000111000000110001011010101011010110101101101100010011111,aruco_011,aruco_016
239,135,74.0,389,317,244,418,1100110111000001001100010100110010011110100000111101010001110110010110111001000010010010110111011101101011101111110100000100001111000111010110000110011001101100000100011110000100001000111111111111101100011000000010111010000001100000000101110100011110111010,1100100110110000011111000000010011110110000000110100011000110010000100111010001010011010110111110001101011100001110101100100001111001110111101001110011001110000000101011111111010101000111111101110001100010101111001101010000101111011000111010000001110111011,aruco_011,aruco_016
392,223,74.0,100,392,370,239,0011001011100001100111111011000111100100000010011001011000110011000100000001011111011111111011011010101011110101100001101000110000100110101101011110010101110110000101111101101001111100110011010111011000110101010000100000110111110010001011001100001110100010,0101001011010100100101111111101111101111011001010001110010110001100001100011011010000111111111111010111001010010001101111000111000101110101101001110001100101100000111111001101011101110110011111101010000110001010000000010111111011001011010001101101110110010,aruco_011,aruco_016
200,118,75.0,466,451,412,164,1100111100101011010100001101001010100011000001111000000101001100100101110001010111100110100011001010110011000111111110101010101001000100111000101100100101100010100111010000000000100100111100000101110100101010000010001001111100100100111011001110010001110111,0100110100101011010110001110001010100001000101111010001001101100010111101111000111100110000011100001111110000100010110010100000011001110111010101000100001010011110100001000010010100101011100100101111110110100001000001001010010100100111010011110010001101100,aruco_011,aruco_016
349,206,75.0,209,366,266,168,0000001111001001101110110000110101010111100110011111001110010110100110011101101000011001011000100111000101100101100010010010100110110001010100011011001101000010011001001110000000111000111011100100001111011001111111111110111100100010101101110110001100010001,0000011101001010000010100010000101011111110110011011001111001110101010011111100000000101011100001101000100000101100000011111100111111011000100001011101000101110010011011011100000010010101110100000001111000011100110011010111100110010001100101010100100011001,aruco_011,aruco_016
164,96,76.0,163,478,224,228,1001000000101011111001011011100011111001111010000011111111000001011010000011001000001100000101111101001100101010000111011110011110101010000001000010010110011001011011100101011001111101001010010011111011101101010110010100010010110010010000100011010100001000,1001000011101111101011011010000011110111100110010101011010000101011110110001101100010100110100111101001100111110000101111110011111110110001001011010010101110001111011100011001000011101001000011011111010101000111110010111110100011000010011001011111100010001,aruco_011,aruco_016
178,113,76.0,163,462,303,365,1000000111101011110100001110110011101011011010100000101101100110111011100011101010111100000001011101100011001010100010011110111011110110001100110111010100000110111011010111011000001110010011010111111110001101100110111100000110100000111101000000011100110010,1000100010100111110101101110010011101010011010010100101001001110101110101001001011111100100001111100100011010110110110011100011001110100001110001101010111100101111000110100001100011100110110011111111010010101100111100000010111100110011000010000011001100110,aruco_011,aruco_016
180,76,76.0,220,215,430,403,0011001001111101101001011011100001011101010010000001111010011001110110100111111000010001101010011100000100111011000011111001010010111000100001010100101111101001001001110100100001101111000011001011100001011000010100010001101111011000010001101001100110000110,1011001001001010101010010010000001010100100100010000010010011001101111111111001000000011111110011101000110100011001010111001000000111001110001011110011011101000000101110010001000000101000001001011100000110000010100011011101101101000110101111100101111010111,aruco_011,aruco_016
389,256,76.0,274,197,269,307,1011100001111111111100110001010101110010000101110010011010111001100011001110011000100010110100101001010111110111101001110010111110101111010000111001010000101100000001101001101001100011111001001101000000110100011101000110110110111011100111001001000100101011,0011000000111010010110101101010100110010000100000110111000111111100010000100001101000110010010101000110101100111100011110111110110100111110100011001110000011100010001101001001000101111111001000000010000110110111010001010010111111010100001101101000010011101,aruco_011,aruco_016
464,306,76.0,361,430,309,344,0010010110100100010010110001010111010100101100110010100000010100101110101001000010100101111011011101100011000011110110111111000101011011010000100101001000000000011001101001001100010001011101101111110000110100101001111000110111100010001000001000000100000010,1100000110110011011100110000101111011110101000101010110100000100111100101011000011101101011011011101010011001101101110111111000101001010110100100101001100001010101011110010001110010001000100110110110100110000001010011000110011100001001000011110111100011001,aruco_011,aruco_016
187,53,77.0,248,389,376,414,0100110010111111110101111000111000111011001111000101010100001011010001101100110111011010111100000101011101111100101100101110111111100000101001001001100100011011000000111001100011001101110000000011100110101011011010100110100011110001110010101111000000110010,0101111111111111011100011001111110111001011011010001101111001011100001111100100001010010101101000100111000101100101101001110000011110000101001001001100101110111111110111000110011001100111000000111111010010010010010100000100110010000110010101011001001100101,aruco_011,aruco_016
213,31,77.0,170,329,396,160,0000110000110011011101010111001000111111101010101111110010010110010110100001001101111110000100101100001001101100110111100011100111110110010110101000100001111011001110111101000001000110011010111011100100011000011111100111100010110001001001000010110000001001,0000010011100101011001010111100001111111001010100011010010010111011010100001001000011010110100100000001100111100100101110001110111110100011100000001000001111111001011100101011011110110101010001001000000111001011110000000110010011011001000110011111110000101,aruco_011,aruco_016
431,250,77.0,355,238,288,361,0000110000110100000001110010000000010001000000000111111110011101000011011010010001100010111001010011001111010100001111100111001101011011110010101001011010111001010001110001010010111101000000010001100001000000010100000010010010100100011111110010100110000000,1010110101010111000100110100000000011000011000000101110010100101101001011010111001100010110100110010001111010100010101110011011011100011100110001001011010001001001011110001000000011101010100000000110100010100010100001000011111000100011011000001000110001011,aruco_011,aruco_016
543,419,77.0,297,441,234,363,0000100100001001110110001101001100010000000010100010100110000001101010010111011001000110011110000111000000101110100111100010100000101011100100011111101110101100100001100001001101100001111010011000011000111000110111110001011111111110100001101111000110000000,1101001100001100100110001101101110011100010110100000100010010010101101010001011001000001001110001111000010101110100100100000101101011110001001010111111100101110100001000011000100100011111010001101101000100110100011100001011111110111110101101010000100111101,aruco_011,aruco_016
221,64,78.0,73,221,139,220,1101000111000000001110010000011001011110110110011111000110010010110100111000001101111101100110011101101010101101110000000101000100110011100101001110111001110110000000001110110001001010111010110110101110100011011010111010000101101001000101110110101100011000,1101001111000000001100101000001101011010100000010001111110011001010100101110100111100001101110011101101010101111110001111101011110110100001101001101001011110110011100011010100101001010011001101111111110000010011010001011111101101001010101101110100100111011,aruco_011,aruco_016
282,88,78.0,216,66,171,369,0101001011001001101100001001101011101001110000010001111011011000100110011101000111100100011011111100100010100000110111011100011110110100001101000110101111100110010100111010101000011100011001011111111010011111000010010100111111101000010111011110101111110000,0000001001000001101101101001010100001001110110111001110110011010100010001100100101111101010010001000100111100110100111011100110010110100000101101011101111100110011111111110101000111110111011111011111110101111011001110100101101101011010001001010100111001100,aruco_011,aruco_016
341,138,78.0,411,323,151,176,0000010100001100000010110001000101011111011101101110000111000110101011011001001011000101011011011011010101000111011110110011100001111010110000001010110000000000101001000011000000010001101101100000010101100011110110101011110101000010101000111111010001011001,0100101001001000000110100100000101010111000100011011000110001110101001100111000000001111111010000111010101000101111100010000110111111100110000001011111000101010110000010011100010010001101000100000000101000011010111001110111001000000101100101111100000010011,aruco_011,aruco_016
52,177,79.0,322,108,277,215,0000001000111011110011101111110010001011010110010001100001000100101010000010110001010000101001110011000100010100110110001000011111001100101000011001110100010000101010010110110000110111010111011001010001001010101110001101001110111101011010101011010000000111,0100000011110110010011001011111111011111011110110111000001001101101001101111010001010000100001010101001100010100011100001010010101001001111010001001010000010010101000100010100100100011001101100110010001111010101111000011100110111101010010001110010000110111,aruco_011,aruco_016
281,205,79.0,318,541,312,380,1100110001110000111101101110101100101010001111100011011101110000011000000111111110111000110010111111010011100110001110100100111001101110010010100101101101111001011011000001101100111000001111111000001011111011010001000101100011011111101010001001011010100010,1100100001111000110010000101111000001010001101000000011101110000111000000110001011101010011010111001010011101110100000100101111111100011010011100101111000001100110011000001111000101010000111001011000011011111010000111001010011000011001111010001011010000000,aruco_011,aruco_016
80,46,80.0,336,397,357,354,0101101001101110111011110000110101000110001100000010010101010001100011001000101000110010111000100101010111111101001000000000111100101011000100110011010100111011000110001010001111100001110001111001000110101010001011110111010001001000000100101000001110110111,0100100001110111011001110010100110100010011110000011011001000101100110101111100010110010001011100011000010110101011110101001011100101001000000101100010111101011000100011010001101001101010000111001001010111000001010011011010001001000010110101100100011010101,aruco_011,aruco_016
244,89,80.0,311,334,293,434,1001001001000001111101001101111010100100000010110000011010001011001110000001010101100100111011001101100111110110100011001100011111110100000101011100111111111000011000111011101000111100101010011110111010111110110111010100101111101000100001001110100010000000,0011000001100001001000000111000010100111101010010001110010001101001110100001000101100100101000110101000010110100010011001101111110010100000101111000100011100000001000110000001010011100001000001001111000111010001100011101111110101000010010011000100010000001,aruco_011,aruco_016
313,79,80.0,130,314,350,286,0101000111011111110100100110001011110010111001010100100011011000101000011111001111100100000111111110100010010000110011011010010000000100000001111110100010001000110100110100000110111101011011101101111010000111001000011001110110011001011010010100010011110100,0101100101111110110001100110000011110011011001000000110001011100101000001110001000100010101001101110010100010110001111110010011111000000010000011001100010000000000100010000001110111101000100101101000010010101001100011111110011010100011010011000000001000000,aruco_011,aruco_016
479,295,80.0,483,386,230,309,1100111010010101011000010111001001010011101001110011010011111000111001001110010011100110001000111000100010111010110010111000011010101010000110110100001000101010001001010101000110110000000010101010011101110101000111111111111100101111000000111010110101101101,1101010010110111011010110110101011110001100001010111011110011000111001100011010011110100010001111110111110110001010111010100001010101011110110000000000101001000001001000000000101111011100000100010100111110001001111001111110000111111000010111011100101101100,aruco_011,aruco_016
486,362,80.0,176,469,369,238,1011001011000001000000110001010011010101101001010100110110111010111100111011101100101101111001111100110010101110000010100000000010110010101111100010001100010000011000100001010011011110110001110111111011100001011100011001110011101001010000001100011111000011,1111110011110011100010110111000000100101101101010110100110111110001111110110001100111011111001110110110010100100001010100001010110010010111110010010001100001001001100000000000010011100000100010111110001100001010110010001010101001101011001110111001001000111,aruco_011,aruco_016
199,85,81.0,452,323,277,214,0111000000101101111001101110101000100011111101000101110111001000111010001011101101100101001010010110000100001100010011111101001010110000001001100011100111101000111010010011000010011100000001001001110011101011010100011111111000101000011010111010110011010101,0111001001011111101011000110101100001101100100000001001111010101011001011110111101101001011110010110000110100101000001101011000111110000100001010011101011011001001011010011100101011101000001100001100011111011010110010011101100101000000011111110100000010101,aruco_011,aruco_016
368,216,81.0,318,541,163,245,0001110100001000111010011100110000001110100000001001011101011100111111110101101110011010111001010011000010101001010111111011000000011011000000100100001100101000010101100010010011001100011101000101011110011001010100101001101010001000010001001100110010000111,0011011100011000001010111101000110010110100100111001001101011100000100100011001011001011000011010011101010100101010101001111000001011111100000101100001010101000001110011000100111001100011101000001000100010101000000101011011111111000011000001110000010100111,aruco_011,aruco_016
441,329,81.0,286,458,358,354,1100010000011010011110110011100111011101110110011101011011001001110000111101010001011000000000010101011001001110110100001000111111110111110010001011011000111010000000010100100101110011000010111100011101110001100111100110010100100101000100111111010100100000,1000001011011000101111111010111011001100000110111001011000000001100011101111010001111010100000111100000001100110110100001000001111011101110011010011101100100010000100101100110101110000011110110111010101110100000111000111001110101111101110011111110100100100,aruco_011,aruco_016
171,207,82.0,336,397,292,292,1111110100111011010101000110000011101101010011100100111010000100111010000110000001100100010011101111010001010000111011110101011110010110111010101001010000000010111001010110001000111111000010001011010001011110001110001000010010101101111011000110010001000100,1110110000111101010101001110000110100111001010100100111110011101011110000110110000110100101011011100000111011011010011101101111010001100101100100111010011001000011010110110011000110111000011001111010011001110101110011001001111111001111001100010110100110110,aruco_011,aruco_016
299,98,82.0,89,261,293,246,1111011001011101101001000100001010001001110010110001101011101000001100111101000110101100000011100111100010010101010111011100011011010110001001001110001111101000111100010110101000111110000010011101100011011101001100010000001101101101011100010110101010110100,0100011011011101101101000101111111001001010111110000000101101000010100110111010100110101011011001100110010000110011110001100001011110110001001000010011111100110101001000001101000101100101000011111100010101111100000010000101001001110110000011010111010100010,aruco_011,aruco_016
332,178,82.0,316,86,259,170,1110100101001001111101010100010010110110000010110110111101011111100111010001000011010010100001110011100001010001110010011000011010001100101100011100101100101100111000011110000000110000011110101100100111010110100011011010100101001100000101111110001011111000,0101010111100000111100000000011010110110101010111010001001100111000110100001001111000000101001010111100001010001100000101111111010110110101100001110111001110000110011011111001010101000111111101101101111010111110010111010010101100000110101110101001010111010,aruco_011,aruco_016
146,197,83.0,148,353,365,340,0000111101000110000001101111000000101001011000111011001101011110001011010001111101010011100000111010000101000100010111001111000111101000100110001001100111010000111000010100000010111101011101100000101101110110100001001100100110101100001000111111000010000000,0000001011000100100101101001001001011101111000011101000101111010100011011000101101100101100000111000100101100110011111001111000111100000101111001010110101110100000100101000100101001100011101010011101100111010100000100110001101001100011100011111111010000110,aruco_011,aruco_016
254,99,83.0,284,353,284,415,0001010010111100110111011000111000101111011111000001010010000000100010100001010111001010111110000101111001111100111000101100011110100100011101000111110100010110110010100001111011001100110010011011011010101011010000100100101011010000110110011001010000100010,1101010000101000110111011101111110101000011101110011010011100000100000100011010001111000100000010001110010101101111000001000001100101100101001100111110100001101001110000110110100101010010001011001010001101001010001001100001111011001110110000001011000110010,aruco_011,aruco_016
503,378,83.0,212,212,205,282,1101000010011101000111011101001011010001101110101111100001011000111100000111011011111000000110010110110010011011110110100010000011110100101011001111101110010010111011110100100100101101011000000011000110111010110010001001000011111111011011101011000100101100,0000011100011100000111100101110000010111101110100010110001010001111011100011011010111110010110011100000010011011100100111011010101101100011011011001101000011110101111110100101001110101101000000001010101111000110000001001010111001110110011110011100100001101,aruco_011,aruco_016
528,418,83.0,193,401,289,373,0111111001111011000111101000001001010101000011110001111001001010100000110101100000000010011010000110010101000000011011110111110110000100100000000001100110000010110000111000101011001100011010100100100010011010100110111011111011100100100010110110101101011100,0010010011001011110111110111010000110111001100110110111001001110110000110100111100000010001100000100010001100101011011100001111111000100111010011001101111000011110010011110001011000000100100000100100011010011101111110111011010100001101010010101101001001100,aruco_011,aruco_016
274,4,84.0,275,209,336,272,1000100101001001111100001100010011011010111110111100000101011110110111001100101010011010100011111111100001001011110000010000101011011100001100010111001001111101111010001111010000000010011111101110100111111101001110011010101001000100010100100000001010110010,1110110111100010011100001000010111111110100010111111001100111110010111001001000110001010011011011011100001000011000000001111110111000010101100000110010001110111110101001101110000100010011111100110100110111101001000001011100101110011001111111000001010111001,aruco_011,aruco_016
421,239,84.0,263,166,357,161,1011100000111010110001110101000000001101001110100011111010010101001010100110001111010110100010101110000000100110000011101001010010011100110010011100111000011001011001110100111001011011001010011000100011010001011111001101001110111000101011010001100001001000,1011000001101010011011110000000001111100101110000000111010000001101110110010001100010000100110110101000110101111000011110001001100011111110011010101111011110001001100100111011010110011001010011011000001011000111110011111100111001000110011010000100100001111,aruco_011,aruco_016
66,152,85.0,231,402,361,216,0000010000100001011001100110100010101001011010111011010001011101111110001000010111110100000011010000001011010100000110001100111001101100110010001100010011110010001000110100000001110001001100111000011101000110101111100001010110100100001000111110100001100100,1000010101111010010011100011110110010000101010111011101000001101100110101001010000010000101101010100001101000110110110101001111001111101010000001111000000100010101010011100000101110001011110101111011101110100100111001011010110010100001101101010000000101101,aruco_011,aruco_016
158,275,85.0,113,299,173,361,0000010000000111011110111010000101110010111000110110010010010100000110010101010110101000011001010000100010010001101111100001110000110101010100101110010011100001001101110101001100110011101111001010001000000101101100101011010110110010100000110111100111110111,0010010100100011010010010010000100110110001000011000011011010010001111111111010111111010001010010000110010000111001011000000100100101100110101001110110111011001001101110110000100101100101111010101001011100011100100100010000100101110100000111110100000111110,aruco_011,aruco_016
285,144,85.0,374,510,331,218,0000101000010001001101011101110010001011000111010101010111000000011110000001110101111100000010001000010011111110111111000000110111110110011011110100101111110010001110100101101000100100101010011011111000111010010111101101001001101110110000001111110000100101,0100111010000101101101011101110111011100000110110011010010110100111101010011010000110001111011100000010010111110011111001000110101100011001110111001001111101110001111110100101100100010000110111110110000111100000111001001001101101011100001100010101100100101,aruco_011,aruco_016
377,193,85.0,366,411,239,439,1100110011111001000101101000101010101011111011100111111001100001010110101111111111010110000111101101111001010000101100000110111011100110011011001100010101010110001100111100101101110100011011111111011100011011100001100110010110110111111010101111001111110010,1100100010111011010101001000101011101011000111101011010000001000010100101100001111111100001011101010010011010110110110101000111111000110001001011101010001100110000101011110101000110011011010101110011000001010111001101010100100100101101011101110010011110101,aruco_011,aruco_016
383,390,85.0,164,454,232,363,1000100001100010001100010000010000111110111000011011111011010111000110111001100111111011100000010001100001100101110100001101101010110010001101011100100111011110011100111111000011001011011011001001111110111011000000110101000100000000010010001101100110111011,1010101001111110000110010100011100101110010100010001010011101101010111110101010101110010000110011101001011110111110000001001111110100011000101001101101011001110001100011111000011111101010100101101011010101001100000101000101100001000010110010001000010110010,aruco_011,aruco_016
381,278,86.0,267,153,289,374,1011110100101110010100110111100000011100010010001100101100000111101011101000000000010111100110101110001101110111001110000010000110000001111110010011111010111101000100010100010101011110100100010101110101000000001110010010010001010101111010010001111000000110,0000000101101111110001100011001000000001000110011000101111010111100011111100000101010101111110101110000101110110000111011110100010010001111110001001101010111001110001111100010011011100101110100001101111110000111110011010100111000110011001011001101011100010,aruco_011,aruco_016
434,139,86.0,307,305,204,366,1000010001100010001010110101010100101100011000011011100000010100100110111001101101100000001000110001000111100111100111001101111111100100000100101110100010010101101000011000001010001111010101111001001110110011111110111101000111001100011100011101100011000010,0011100001000010000000100000010000111100111100001111000101011110110111011000101101100011100100111101001110101101110000100111100110100000100110111000100110001100111000101000100010011001010001100000100110111010110010111111100100011100010100011101010011011011,aruco_011,aruco_016
450,337,87.0,291,351,372,270,0001100101100111010101100101000000110110001110000001111110101110011110110000011110101100000010100011100111010100011110100111110000000010010111000100100011000100111010100001001000011101010000001001111110111011110000011001110001100100110011111010100000000010,0001101100000111000100010100101010101110110110101101111110000000011110000000010111110101110001000100100111011101010100111101111000110010000111000010100001000110111011010110010100111011010000010101111111011111100010101001010001100010000000101000100000000101,aruco_011,aruco_016
113,155,88.0,558,323,270,223,0111001111110110110110010010010101000100011000010000100111100011100011000010101000100100011001100101010110110011001000111000001000000011101100011011011100001010000111011010000110000001100001010101000011101100001110000110001110011000110110011000001111110010,0011000011111010111110011000000101000100111000001101101011000000000011001011111000001100100000001101000000111010001001110010000110111011101001010011010110100001000110101100100110001101010000010001000100011101000110110110011010011010110100000101101110010100,aruco_011,aruco_016
422,228,89.0,251,307,206,382,0101010000011110110101100100011001001010011111000100110101011001110101000110011001011110000110001011010111110011001000110001111001000100111010011001101010010111100001001110101100100001111001100001011000110010000000101011010010111011111110011101000110011110,0011010001110011010001001001011011001010011100010110010000011101101110000100011001000000010010100000011110110000001111110000111010000011110000011001101100000100100001000001101001101111101001100011011000111110011001010111100011110011100011001100000110011101,aruco_011,aruco_016
455,327,90.0,291,319,294,344,1000011001001010000101111101110100001110100110001101001111100110101111010011001110101001011001101111110000010111111110101100100001010011110100011110111100010110111111000000000100011101100100010100111111110001110111001000011100000110111101101111001000001100,0011001011101010100101011101110001110110100100011101100101110111001000111011001000101001011000100110110110111001101100111010000001011010110101110110000100010100100111000000110101010000101000110010110101111101000101000110001100001111111111110001110011001111,aruco_011,aruco_016
426,264,91.0,222,257,406,289,1110010111110100001101010010010101010100101111101011001100010100100011111010010000011001101101011101011010110000111100101011100100001001100000101001000000000000011010011110100111110011010111100111100111000011001110001011000100111001001110000000000101111110,1110110001111110111101000000010101011100101110011011101100010110100011110110011000011110001110111001111110110011111000111011000111101000110101011101000110001110111101011110000101100011110011110011110110111001010111000101000111011100110100110101010110000111,aruco_011,aruco_016
238,266,93.0,134,318,307,344,0010000001000101001010110001000001010010110100111111110000001100001110111010011010100101110011110000100110011001011010110001111000001111010010111100001001000000101101100010001110000001000101100000101010100000101101111011110000000110001000001100110101011111,0010001001100101100101010110010101110100010100110011001011010101011110110011000000100001011011111001101010001011011000010000000000111111110011000100001001001010001111100010011101000001000111111010110011010100101101000001000000001110100010110011110111100101,aruco_011,aruco_016
393,436,93.0,116,247,202,249,1011111110011111100101110000000001110010110011000100011110001000010111101001011111111110100001000000100010111011011000111101111000100001000111010100001101001101010100001010010011101111010010000111010110100001000000001010101000110000010111111000110101000010,1000111111110101100101010000110001011000000010100001111010101111000110101001011010010101100011101000110011011011101101111001111000000100111110111100000101001111001001001100001111100111010010110111011010010000010011010000000101000110110001111100101101000100,aruco_011,aruco_016
435,184,94.0,145,336,403,268,0111100111010011010010110000001101000100000000000100101111100011110010001010101000100010000100111100000111111111100011010111100100010111101111111111011110000000110010111011000101011101111111011011000010001011011111110110011011010011010001111100101100011110,0110100001110011110010110000111100000100010101001011001101010110111011001111100001100010011010110001010110101101100010101110100110100111100010101011110100000001110001011011100010001101010101110011001111001110011000110111110001001001001011110101000110110010,aruco_011,aruco_016
500,293,95.0,293,349,261,209,1101000110100011000000110110001001110101110000011000101000010110111110100001111101100010010100011110000110100110000110000101100010110100110100101000100000000100110011010011000000011111001001000010000111111010010100011001110011111000011111011011101010001010,0111000111110011110000110110101100100100101010011101100111100001111001000010111100110010010000010111000111100001010100001110000000000100101001000010110110001000110010101001010011111101011000110101100111111010010110010100110111011011010100011000111010100010,aruco_011,aruco_016
